Concert,Date,Venue,Location,Index
"Sabaton",2026-03-08 00:00:00.000,"The Fillmore Detroit","Detroit, Michigan, United States",2095
"Sabaton",2026-03-10 00:00:00.000,"UPMC Events Center","Coraopolis, Pennsylvania, United States",2094
"Sabaton",2026-03-11 00:00:00.000,"The Met Philadelphia","Philadelphia, Pennsylvania, United States",2093
"Sabaton",2026-03-12 00:00:00.000,"MGM Music Hall at Fenway","Boston, Massachusetts, United States",2092
"Sabaton",2026-03-14 00:00:00.000,"The Dome","Virginia Beach, Virginia, United States",2090
"Sabaton",2026-03-15 00:00:00.000,"The Theater at Mgm National Harbor","Oxon Hill, Maryland, United States",2089
"Sabaton",2026-03-17 00:00:00.000,"Greensboro Complex","Greensboro, North Carolina, United States",2088
"Sabaton",2026-03-18 00:00:00.000,"Coca-Cola Roxy, The Battery Atlanta","Atlanta, Georgia, United States",2087
"Sabaton",2026-04-06 00:00:00.000,"Scotiabank Centre","Halifax, Nova Scotia, Canada",2086
"Sabaton",2026-04-09 00:00:00.000,"Place Bell","Laval, Quebec, Canada",2085
"Sabaton",2026-04-17 00:00:00.000,"Edmonton Convention Centre","Edmonton, Alberta, Canada",2082
"Sabaton",2026-04-20 00:00:00.000,"PNE Forum","Vancouver, British Columbia, Canada",2080
"Sabaton",2025-12-09 00:00:00.000,"Royal Arena","Copenhagen, Capital Region, Denmark",2073
"Sabaton",2025-12-11 00:00:00.000,"Unity Arena","Farnebu, Bærum, Norway",2072
"Sabaton",2025-12-12 00:00:00.000,"Scandinavium","Gothenburg, Västra Götaland, Sweden",2071
"Sabaton",2025-12-13 00:00:00.000,"Tele2 Arena","Stockholm, Stockholm, Sweden",2070
"Sabaton",2026-02-09 00:00:00.000,"FTL War Memorial Auditorium","Fort Lauderdale, Florida, United States",2069
"Sabaton",2026-02-13 00:00:00.000,"713 Music Hall","Houston, Texas, United States",2067
"Sabaton",2026-02-14 00:00:00.000,"South Side Ballroom","Dallas, Texas, United States",2066
"Sabaton",2026-02-15 00:00:00.000,"Boeing Center at Tech Port","San Antonio, Texas, United States",2065
"Sabaton",2026-02-20 00:00:00.000,"Kia Forum","Inglewood, California, United States",2063
"Sabaton",2026-02-21 00:00:00.000,"Hard Rock Live Sacramento","Wheatland, California, United States",2062
"Sabaton",2026-02-24 00:00:00.000,"The Union Event Center","Salt Lake City, Utah, United States",2061
"Sabaton",2026-02-26 00:00:00.000,"Blue Arena","Loveland, Colorado, United States",2060
"Sabaton",2026-02-27 00:00:00.000,"Steelhouse Omaha","Omaha, Nebraska, United States",2059
"Sabaton",2026-02-28 00:00:00.000,"The Factory","Chesterfield, Missouri, United States",2058
"Sabaton",2026-03-02 00:00:00.000,"Vibrant Music Hall","Waukee, Iowa, United States",2057
"Sabaton",2026-03-03 00:00:00.000,"Armory","Minneapolis, Minnesota, United States",2056
"Sabaton",2026-03-07 00:00:00.000,"Andrew J. Brady Music Center","Cincinnati, Ohio, United States",2054
"Sabaton",2025-09-10 00:00:00.000,"The Powerstation","Auckland, Auckland, New Zealand",2053
"Sabaton",2025-10-06 00:00:00.000,"Zorlu Performing Arts Center","Istanbul, Istanbul, Turkey",2052
"Sabaton",2025-11-14 00:00:00.000,"Lanxess Arena","Cologne, North Rhine-Westphalia, Germany",2051
"Sabaton",2025-11-15 00:00:00.000,"Uber Arena","Berlin, Berlin, Germany",2050
"Sabaton",2025-11-16 00:00:00.000,"Ostravar Arena","Ostrava, Moravian-Silesian, Czech Republic",2049
"Sabaton",2025-11-18 00:00:00.000,"Hallenstadion Zürich","Zurich, Zurich, Switzerland",2048
"Sabaton",2025-11-21 00:00:00.000,"Halle D, Wiener Stadthalle","Vienna, Vienna, Austria",2046
"Sabaton",2025-11-22 00:00:00.000,"Tauron Arena Kraków","Kraków, Lesser Poland, Poland",2045
"Sabaton",2025-11-24 00:00:00.000,"Hanns-Martin-Schleyer-Halle","Stuttgart, Baden-Württemberg, Germany",2044
"Sabaton",2025-11-25 00:00:00.000,"Festhalle Messe Frankfurt","Frankfurt am Main, Hesse, Germany",2043
"Sabaton",2025-11-26 00:00:00.000,"Rockhal","Esch-sur-Alzette, Esch-sur-Alzette, Luxembourg",2042
"Sabaton",2025-11-28 00:00:00.000,"Accor Arena","Paris, Île-de-France, France",2041
"Sabaton",2025-11-29 00:00:00.000,"LDLC Arena","Décines-Charpieu, Auvergne-Rhône-Alpes, France",2040
"Sabaton",2025-12-02 00:00:00.000,"AFAS Dome","Antwerp, Flanders, Belgium",2038
"Sabaton",2025-12-04 00:00:00.000,"The O2","London, England, United Kingdom",2037
"Sabaton",2025-12-05 00:00:00.000,"Co-op Live","Manchester, England, United Kingdom",2036
"Sabaton",2025-12-06 00:00:00.000,"Motorpoint Arena Nottingham","Nottingham, England, United Kingdom",2035
"Sabaton",2024-10-31 00:00:00.000,"Private Venue","Toronto, Ontario, Canada",2033
"Sabaton",2024-12-11 00:00:00.000,"Tallink Silja Baltic Queen","Stockholm, Stockholm, Sweden",2032
"Sabaton",2024-12-12 00:00:00.000,"Tallink Silja Baltic Queen","Stockholm, Stockholm, Sweden",2031
"Sabaton",2025-05-03 00:00:00.000,"Memorial da América Latina","São Paulo, São Paulo, Brazil",2026
"Sabaton",2025-05-09 00:00:00.000,"Royal Center","Bogotá, Bogota D.C., Colombia",2024
"Sabaton",2025-09-01 00:00:00.000,"Metro City Concert Club","Perth, Western Australia, Australia",2014
"Sabaton",2025-09-06 00:00:00.000,"Hordern Pavilion","Sydney, New South Wales, Australia",2010
"Sabaton",2025-09-09 00:00:00.000,"The Powerstation","Auckland, Auckland, New Zealand",2008
"Sabaton",2024-10-11 00:00:00.000,"Showcase Cinema","Southampton, England, United Kingdom",1991
"Sabaton",2024-10-11 00:00:00.000,"Ziggo Dome","Amsterdam, North Holland, Netherlands",1990
"Sabaton",2023-05-19 00:00:00.000,"Helsingin Jäähalli","Helsinki, Uusimaa, Finland",1945
"Sabaton",2023-05-20 00:00:00.000,"Kuopio Halli","Kuopio, Finland",1943
"Sabaton",2023-06-09 00:00:00.000,"Greenfield Festival 2023","Interlaken, Bern, Switzerland",1939
"Sabaton",2023-12-13 00:00:00.000,"Tallink Silja Baltic Queen","Stockholm, Stockholm, Sweden",1937
"Sabaton",2023-12-14 00:00:00.000,"Tallink Silja Baltic Queen","Stockholm, Stockholm, Sweden",1936
"Sabaton",2023-12-26 00:00:00.000,"Tegeraarena","Leksand, Sweden",1935
"Sabaton",2023-02-19 00:00:00.000,"Filmstudion","Gothenburg, Västra Götaland, Sweden",1927
"Sabaton",2023-02-21 00:00:00.000,"Fortnox Arena","Växjö, Sweden",1926
"Sabaton",2023-02-23 00:00:00.000,"Ystad Arena","Ystad, Sweden",1925
"Sabaton",2023-02-24 00:00:00.000,"Olsbergs Arena","Eksjö, Sweden",1924
"Sabaton",2023-04-21 00:00:00.000,"La Seine Musicale","Boulogne-Billancourt, Île-de-France, France",1918
"Sabaton",2023-04-22 00:00:00.000,"Festhalle Ludwig-Erhard-Anlage 1, 60327 Frankfurt","Frankfurt am Main, Hesse, Germany",1916
"Sabaton",2022-12-14 00:00:00.000,"Tallink Silja Baltic Queen","Stockholm, Stockholm, Sweden",1888
"Sabaton",2022-12-15 00:00:00.000,"Tallink Silja Baltic Queen","Stockholm, Stockholm, Sweden",1887
"Sabaton",2023-01-27 00:00:00.000,"Sporthallen","Övertorneå, Sweden",1886
"Sabaton",2023-01-28 00:00:00.000,"Arena Arctica","Kiruna, Sweden",1885
"Sabaton",2023-01-31 00:00:00.000,"Idre Fjäll Arena","Mora, Sweden",1884
"Sabaton",2023-02-02 00:00:00.000,"ICA Maxi Arena","Visby, Sweden",1883
"Sabaton",2023-02-05 00:00:00.000,"Agnebergshallen","Uddevalla, Sweden",1881
"Sabaton",2023-02-06 00:00:00.000,"Parkhallen","Arvika, Värmland, Sweden",1880
"Sabaton",2023-02-10 00:00:00.000,"Estrad","Alingsås, Sweden",1878
"Sabaton",2023-02-11 00:00:00.000,"Västerås Arena","Västerås, Sweden",1877
"Sabaton",2023-02-13 00:00:00.000,"Brinova Arena","Karlskrona, Sweden",1876
"Sabaton",2023-02-14 00:00:00.000,"Söderslättshallen","Trelleborg, Sweden",1875
"Sabaton",2023-02-15 00:00:00.000,"Vara Konserthus","Vara, Sweden",1874
"Sabaton",2023-02-17 00:00:00.000,"Tjolöholms slott","Kungsbacka, Sweden",1873
"Sabaton",2022-10-03 00:00:00.000,"Ryman Auditorium","Nashville, Tennessee, United States",1863
"Sabaton",2022-07-16 00:00:00.000,"Metal Paradise 2022","Fuengirola, Spain",1849
"Sabaton",2022-07-15 00:00:00.000,"Metal Paradise 2022","Fuengirola, Spain",1849
"Sabaton",2022-07-23 00:00:00.000,"Rowing Canal","Plovdiv, Plovdiv, Bulgaria",1844
"Sabaton",2022-08-06 00:00:00.000,"Lugnet","Falun, Dalarna, Sweden",1840
"Sabaton",2022-08-19 00:00:00.000,"Open Air Theatre","Opatija, Croatia",1838
"Sabaton",2022-08-20 00:00:00.000,"Barba Negra","Budapest, Budapest, Hungary",1837
"Sabaton",2022-08-24 00:00:00.000,"AXA Aréna NTC","Bratislava, Bratislava, Slovak Republic",1835
"Sabaton",2022-05-02 00:00:00.000,"UKK","Uppsala, Uppsala, Sweden",1827
"Sabaton",2022-05-03 00:00:00.000,"Flygeln","Norrköping, Östergötland, Sweden",1826
"Sabaton",2022-05-04 00:00:00.000,"Apollon, Folkets Hus Kulturhuset","Trollhättan, Sweden",1825
"Sabaton",2022-05-06 00:00:00.000,"Nöjesfabriken","Karlstad, Värmland, Sweden",1824
"Sabaton",2022-05-07 00:00:00.000,"Arenan Älmhults Handelsplats","Älmhult, Sweden",1823
"Sabaton",2022-05-08 00:00:00.000,"Klubb Ron","Ronneby, Sweden",1822
"Sabaton",2022-05-10 00:00:00.000,"Bellevueparken","Karlshamn, Sweden",1821
"Sabaton",2022-05-11 00:00:00.000,"Lokomotivet","Eskilstuna, Södermanland, Sweden",1820
"Sabaton",2022-05-13 00:00:00.000,"Aveny","Sundsvall, Sweden",1819
"Sabaton",2022-05-14 00:00:00.000,"Sara Kulturhus","Skellefteå, Sweden",1818
"Sabaton",2022-06-29 00:00:00.000,"Allmend","Frauenfeld, TG, Switzerland",1794
"Sabaton",2022-04-07 00:00:00.000,"Conventum Kongress","Örebro, Örebro, Sweden",1787
"Sabaton",2022-04-08 00:00:00.000,"Kuopio Hall","Kuopio, Finland",1786
"Sabaton",2022-04-09 00:00:00.000,"Hartwall Arena","Helsinki, Uusimaa, Finland",1785
"Sabaton",2022-04-10 00:00:00.000,"Slagthuset","Malmo, Skåne, Sweden",1784
"Sabaton",2022-04-13 00:00:00.000,"Gasklockorna","Gävle, Gävleborg, Sweden",1782
"Sabaton",2022-04-14 00:00:00.000,"Magasinet Falun","Falun, Dalarna, Sweden",1781
"Sabaton",2022-04-15 00:00:00.000,"Quality Hotel Galaxen","Borlänge, Sweden",1780
"Sabaton",2022-04-17 00:00:00.000,"Kristianstad Arena","Kristianstad, Sweden",1779
"Sabaton",2022-04-18 00:00:00.000,"Gummifabriken","Värnamo, Sweden",1778
"Sabaton",2022-04-21 00:00:00.000,"Åhaga","Borås, Sweden",1776
"Sabaton",2022-04-22 00:00:00.000,"Arena Varberg","Varberg, Sweden",1775
"Sabaton",2022-04-23 00:00:00.000,"Folkets Park","Huskvarna, Sweden",1774
"Sabaton",2022-04-26 00:00:00.000,"Råda Rum","Mölndal, Sweden",1772
"Sabaton",2022-04-29 00:00:00.000,"Idun Umeå Folkets Hus","Umeå, Sweden",1770
"Sabaton",2022-04-30 00:00:00.000,"Kongressen","Piteå, Sweden",1769
"Sabaton",2022-03-05 00:00:00.000,"Ericsson Globe","Stockholm, Stockholm, Sweden",1756
"Sabaton",2022-03-11 00:00:00.000,"Mercedes-Benz Arena","Berlin, Berlin, Germany",1754
"Sabaton",2022-03-22 00:00:00.000,"OVO Hydro","Glasgow, Scotland, United Kingdom",1750
"Sabaton",2021-12-15 00:00:00.000,"Gamla Torget","Norrköping, Östergötland, Sweden",1745
"Sabaton",2021-07-09 00:00:00.000,"Petrovaradin","Novi Sad, Vojvodina, Serbia",1726
"Sabaton",2021-08-21 00:00:00.000,"Rock Castle Festival (CZ) 2021","Moravský Krumlov, Czech Republic",1723
"Sabaton",2021-08-19 00:00:00.000,"Rock Castle Festival (CZ) 2021","Moravský Krumlov, Czech Republic",1723
"Sabaton",2021-09-29 00:00:00.000,"The Ogden Theatre","Denver, Colorado, United States",1695
"Sabaton",2021-09-29 00:00:00.000,"The Ogden Theater","Denver, Colorado, United States",1694
"Sabaton",2020-10-29 00:00:00.000,"","",1692
"Sabaton",2020-11-07 00:00:00.000,"Galaktika Razvlecheniy","Chelyabinsk, Russian Federation",1691
"Sabaton",2020-11-08 00:00:00.000,"Tele-club","Yekaterinburg, Russian Federation",1690
"Sabaton",2020-11-12 00:00:00.000,"Youtube","ONLINE",1689
"Sabaton",2020-11-19 00:00:00.000,"","",1688
"Sabaton",2020-11-21 00:00:00.000,"Krop Arena / Кроп Арена","Krasnodar, Russian Federation",1687
"Sabaton",2021-01-22 00:00:00.000,"Nöjesfabriken","Karlstad, Värmland, Sweden",1686
"Sabaton",2021-01-23 00:00:00.000,"Conventum Kongress","Örebro, Örebro, Sweden",1685
"Sabaton",2021-01-25 00:00:00.000,"Idun Folkets Hus","Umeå, Sweden",1684
"Sabaton",2021-01-26 00:00:00.000,"Folkets Hus","Östersund, Sweden",1683
"Sabaton",2021-01-28 00:00:00.000,"Rivierahallen Pite Havsbad","Piteå, Sweden",1682
"Sabaton",2021-01-29 00:00:00.000,"Kulturens Hus","Luleå, Sweden",1681
"Sabaton",2021-01-30 00:00:00.000,"Folkparken","Skellefteå, Sweden",1680
"Sabaton",,"Kalmar Salen","Kalmar, Sweden",1679
"Sabaton",2021-02-19 00:00:00.000,"Quality Hotel Galaxen","Borlänge, Sweden",1678
"Sabaton",2021-02-20 00:00:00.000,"Magasinet","Falun, Dalarna, Sweden",1677
"Sabaton",2021-02-22 00:00:00.000,"Avenyn","Sundsvall, Sweden",1676
"Sabaton",2021-02-24 00:00:00.000,"Gummifabriken","Värnamo, Sweden",1675
"Sabaton",2021-02-27 00:00:00.000,"Valhall","Skövde, Västra Götaland, Sweden",1674
"Sabaton",2021-03-24 00:00:00.000,"Dalecarlia Music Awards","Falun, Dalarna, Sweden",1673
"Sabaton",2020-03-06 00:00:00.000,"Yuzhno-Sakhalinsk","Yuzhno-Sakhalinsk, Russian Federation",1671
"Sabaton",2020-03-07 00:00:00.000,"Vladivostok","Vladivostok, Russian Federation",1670
"Sabaton",2020-03-08 00:00:00.000,"Khabarovsk","Khabarovsk, Russian Federation",1669
"Sabaton",2020-03-10 00:00:00.000,"Wild Horse / Dikaya Loshad' / Дикая лошадь","Irkutsk, Russian Federation",1668
"Sabaton",2020-03-16 00:00:00.000,"Angar Night Club","Omsk, Russian Federation",1664
"Sabaton",2020-03-17 00:00:00.000,"Tyumen","Tyumen, Russian Federation",1663
"Sabaton",2020-08-01 00:00:00.000,"XR Stage","Hamburg, Hamburg, Germany",1659
"Sabaton",2020-08-09 00:00:00.000,"Private Venue","Unknown City, Germany",1658
"Sabaton",2020-09-17 00:00:00.000,"PNC Music Pavilion","Charlotte, North Carolina, United States",1657
"Sabaton",2020-10-01 00:00:00.000,"","",1656
"Sabaton",2020-10-09 00:00:00.000,"Mission Ballroom","Denver, Colorado, United States",1655
"Sabaton",2020-10-15 00:00:00.000,"Microsoft Theater, L.A. Live","Los Angeles, California, United States",1654
"Sabaton",2020-10-22 00:00:00.000,"","",1653
"Sabaton",2020-02-04 00:00:00.000,"Sant Jordi Club","Barcelona, Catalonia, Spain",1639
"Sabaton",2020-02-05 00:00:00.000,"Palacio Vistalegre","Madrid, Madrid, Spain",1638
"Sabaton",2019-10-25 00:00:00.000,"Skyway Theatre","Minneapolis, Minnesota, United States",1625
"Sabaton",2019-12-01 00:00:00.000,"Silja Cruise Lines - Galaxy","Stockholm, Stockholm, Sweden",1613
"Sabaton",2019-12-02 00:00:00.000,"Silja Cruise Lines - Galaxy","Stockholm, Stockholm, Sweden",1613
"Sabaton",2019-12-01 00:00:00.000,"Stockholm","Stockholm, Stockholm, Sweden",1612
"Sabaton",2019-12-02 00:00:00.000,"Tallink Silja Baltic Queen","Stockholm, Stockholm, Sweden",1611
"Sabaton",2019-07-22 00:00:00.000,"Torget","Mariehamn, Finland",1607
"Sabaton",2019-07-27 00:00:00.000,"Kuopiorock Festival","Kuopio, Finland",1606
"Sabaton",2019-07-25 00:00:00.000,"Kuopiorock Festival","Kuopio, Finland",1606
"Sabaton",2019-07-25 00:00:00.000,"Väinölänniemi","Kuopio, Finland",1605
"Sabaton",2019-08-01 00:00:00.000,"Hauptstrasse","Wacken, Schleswig-Holstein, Germany",1595
"Sabaton",2019-08-17 00:00:00.000,"Sabaton Open Air","Falun, Dalarna, Sweden",1585
"Sabaton",2019-08-14 00:00:00.000,"Sabaton Open Air","Falun, Dalarna, Sweden",1585
"Sabaton",2019-08-17 00:00:00.000,"Lugnet","Falun, Dalarna, Sweden",1584
"Sabaton",2019-08-21 00:00:00.000,"Koelnmesse","Cologne, North Rhine-Westphalia, Germany",1583
"Sabaton",2019-08-23 00:00:00.000,"Im langen Lande","Sulingen, Germany",1579
"Sabaton",2019-10-11 00:00:00.000,"The Wiltern","Los Angeles, California, United States",1573
"Sabaton",2019-10-14 00:00:00.000,"Roseland Theater","Portland, Oregon, United States",1571
"Sabaton",2018-12-15 00:00:00.000,"Wargaming Fest","Moscow, Russian Federation",1569
"Sabaton",2019-04-29 00:00:00.000,"Showbox SoDo","Seattle, Washington, United States",1568
"Sabaton",2019-05-04 00:00:00.000,"Liberation Festival","Pilsen, Czech Republic",1567
"Sabaton",2019-05-10 00:00:00.000,"Aria Complex","San Gwann, Malta",1566
"Sabaton",2019-06-09 00:00:00.000,"","",1555
"Sabaton",2019-06-28 00:00:00.000,"Caja Mágica","Madrid, Madrid, Spain",1520
"Sabaton",2019-06-29 00:00:00.000,"Download Festival Madrid","Madrid, Madrid, Spain",1519
"Sabaton",2019-07-11 00:00:00.000,"Doctor Music Day","Barcelona, Catalonia, Spain",1518
"Sabaton",2019-07-14 00:00:00.000,"Doctor Music Day","Barcelona, Catalonia, Spain",1518
"Sabaton",2019-07-27 00:00:00.000,"Rockoff Festival","Mariehamn, Finland",1517
"Sabaton",2019-07-19 00:00:00.000,"Rockoff Festival","Mariehamn, Finland",1517
"Sabaton",2019-07-20 00:00:00.000,"Umeå Energi Arena","Umeå, Sweden",1516
"Sabaton",2018-03-23 00:00:00.000,"Download Melbourne 2018","Melbourne, Victoria, Australia",1515
"Sabaton",2018-03-27 00:00:00.000,"The Tivoli","Brisbane, Queensland, Australia",1510
"Sabaton",2018-08-05 00:00:00.000,"Taman Festival 2018","Veselovka, Russian Federation",1492
"Sabaton",2018-08-15 00:00:00.000,"Lugnet Arena","Falun, Dalarna, Sweden",1491
"Sabaton",2018-08-18 00:00:00.000,"Lugnet Arena","Falun, Dalarna, Sweden",1491
"Sabaton",2018-12-12 00:00:00.000,"Silja Galaxy","Stockholm, Stockholm, Sweden",1486
"Sabaton",2018-03-18 00:00:00.000,"Sabaton Download Melbourne 2018","Melbourne, Victoria, Australia",1465
"Sabaton",2017-10-01 00:00:00.000,"Goblincon","Istanbul, Istanbul, Turkey",1464
"Sabaton",2017-10-11 00:00:00.000,"Velicano","Khabarovsk, Russian Federation",1463
"Sabaton",2017-10-12 00:00:00.000,"SanRemo","Vladivostok, Russian Federation",1462
"Sabaton",2017-12-16 00:00:00.000,"UNIQ","Istanbul, Istanbul, Turkey",1458
"Sabaton",2017-12-18 00:00:00.000,"Silja Galaxy","Stockholm, Stockholm, Sweden",1457
"Sabaton",2017-06-28 00:00:00.000,"Bråvalla Flygfottilj","Norrköping, Östergötland, Sweden",1425
"Sabaton",2017-07-30 00:00:00.000,"Schlossfestpiele","Ludwigsburg, Baden-Württemberg, Germany",1414
"Sabaton",2017-08-23 00:00:00.000,"Messehalle","Cologne, North Rhine-Westphalia, Germany",1410
"Sabaton",2017-08-25 00:00:00.000,"Palladium Köln","Cologne, North Rhine-Westphalia, Germany",1409
"Sabaton",2017-09-09 00:00:00.000,"Areál městské sportovní haly","Havířov, Czechia",1408
"Sabaton",2017-03-18 00:00:00.000,"Göransson arena","Sandviken, Gävleborg, Sweden",1383
"Sabaton",2017-03-19 00:00:00.000,"Conventum","Orebro, Sweden",1382
"Sabaton",2017-03-21 00:00:00.000,"Valby Hallen","Copenhagen, Capital Region, Denmark",1381
"Sabaton",2017-03-25 00:00:00.000,"Frolundberg","Gothenburg, Västra Götaland, Sweden",1378
"Sabaton",2017-03-29 00:00:00.000,"Storsalen","Trondheim, Trøndelag, Norway",1374
"Sabaton",2017-03-31 00:00:00.000,"Umea Energi Arena","Umea, Sweden",1372
"Sabaton",2017-04-20 00:00:00.000,"Trocadero Theatre","Philadelphia, Pennsylvania, United States",1370
"Sabaton",2017-04-23 00:00:00.000,"Upstate Concert Hall","Clifton Park, New York, United States",1366
"Sabaton",2017-02-03 00:00:00.000,"St. Jakobshalle","Basel, Basel-City, Switzerland",1360
"Sabaton",2017-02-04 00:00:00.000,"brose ARENA","Bamberg, Bavaria, Germany",1359
"Sabaton",2017-02-24 00:00:00.000,"Helsinki Ice Arena","Helsinki, Uusimaa, Finland",1357
"Sabaton",2017-03-04 00:00:00.000,"Mala Sportovni Hala","Prague, Hlavní město Praha, Czechia",1349
"Sabaton",2017-03-06 00:00:00.000,"Belexpocentar","Belgrade, Central Serbia, Serbia",1347
"Sabaton",2017-03-08 00:00:00.000,"Piraeus 117 Academy","Athens, Attica, Greece",1345
"Sabaton",2017-03-09 00:00:00.000,"Fix Factory Of Sound","Thessaloníki, Greece",1343
"Sabaton",2017-03-13 00:00:00.000,"Dom Sportova Zagreb","Zagreb, City of Zagreb, Croatia",1339
"Sabaton",2017-03-14 00:00:00.000,"NTC Arena","Bratislava, Bratislava, Slovak Republic",1337
"Sabaton",2017-03-17 00:00:00.000,"Himmelstalundshallen","Norrkoping, Sweden",1334
"Sabaton",2017-01-19 00:00:00.000,"Santana 27","Bilbao, Basque Country, Spain",1324
"Sabaton",2017-01-22 00:00:00.000,"Palau Sant Jordi","Barcelona, Catalonia, Spain",1321
"Sabaton",2017-01-28 00:00:00.000,"MHP Arena Ludwigsburg","Ludwigsburg, Baden-Württemberg, Germany",1316
"Sabaton",2017-01-31 00:00:00.000,"Jahrhunderthalle Frankfurt","Frankfurt am Main, Hesse, Germany",1314
"Sabaton",2017-02-01 00:00:00.000,"Saarlandhalle","Saarbrucken, Germany",1312
"Sabaton",2016-11-06 00:00:00.000,"Kmasu Club Premiere","Santiago, Santiago Metropolitan, Chile",1311
"Sabaton",2016-11-07 00:00:00.000,"Blondie","Santiago, Santiago Metropolitan, Chile",1310
"Sabaton",2016-11-11 00:00:00.000,"Lunario del Auditorio Nacional","Mexico City, Mexico City, Mexico",1308
"Sabaton",2016-11-30 00:00:00.000,"Havana Club","Krasnoyarsk, Russian Federation",1304
"Sabaton",2016-12-02 00:00:00.000,"R Club","Novosibirsk, Russian Federation",1303
"Sabaton",2016-12-03 00:00:00.000,"Tele Club","Yekaterinburg, Russian Federation",1302
"Sabaton",2016-12-05 00:00:00.000,"Club Zvezda","Samara, Russian Federation",1301
"Sabaton",2016-12-07 00:00:00.000,"Arena Hall","Krasnodar, Russian Federation",1300
"Sabaton",2016-12-09 00:00:00.000,"A2","St. Petersburg, Russian Federation",1299
"Sabaton",2016-12-10 00:00:00.000,"Re:Public","Minsk, Minsk City, Belarus",1298
"Sabaton",2016-12-11 00:00:00.000,"Bud Arena","Moscow, Russian Federation",1297
"Sabaton",2016-12-17 00:00:00.000,"Kinostudija","Riga, Riga, Latvia",1293
"Sabaton",2016-12-18 00:00:00.000,"Menų fabrikas ""Loftas""","Vilnius, Vilnius, Lithuania",1292
"Sabaton",2016-10-28 00:00:00.000,"A Autentica","Belo Horizonte, Minas Gerais, Brazil",1271
"Sabaton",2016-10-29 00:00:00.000,"Via Marques","São Paulo, São Paulo, Brazil",1270
"Sabaton",2016-10-30 00:00:00.000,"Circo Voador","Rio de Janeiro, Rio de Janeiro, Brazil",1269
"Sabaton",2016-11-01 00:00:00.000,"Bar Da Montanha","Maresias, Brazil",1268
"Sabaton",2016-11-02 00:00:00.000,"Opiniao","Porto Alegre, Rio Grande do Sul, Brazil",1267
"Sabaton",2016-11-03 00:00:00.000,"Music Hall","Curitiba, Paraná, Brazil",1266
"Sabaton",2016-11-05 00:00:00.000,"Teatro Vorterix","Buenos Aires, Buenos Aires F.D., Argentina",1265
"Sabaton",2016-08-29 00:00:00.000,"Zajezdnia MPK","Wroclaw, Lower Silesia, Poland",1263
"Sabaton",2016-08-31 00:00:00.000,"Reading 3","Tel Aviv, Tel Aviv, Israel",1262
"Sabaton",2016-09-03 00:00:00.000,"Lakatamia Municipal Amphitheatre","Nicosia, Cyprus",1261
"Sabaton",2016-08-03 00:00:00.000,"Dyrehaven","Skanderborg, Denmark",1219
"Sabaton",2016-08-16 00:00:00.000,"Backstage Club","Munich, Bavaria, Germany",1214
"Sabaton",2016-08-19 00:00:00.000,"Grossmarkt","Hamburg, Hamburg, Germany",1209
"Sabaton",2016-02-23 00:00:00.000,"Le Rocher 1200","Cenon, France",1207
"Sabaton",2016-02-24 00:00:00.000,"Stereolux","Nantes, France",1206
"Sabaton",2016-05-27 00:00:00.000,"Westfalenhalle","Dortmund, North Rhine-Westphalia, Germany",1185
"Sabaton",2016-05-29 00:00:00.000,"Olympiastadion (Olympic Stadium)","Munich, Bavaria, Germany",1184
"Sabaton",2015-10-11 00:00:00.000,"Saitama Super Arena (さいたまスーパーアリーナ)","Saitama, Saitama, Japan",1180
"Sabaton",2015-10-10 00:00:00.000,"Saitama Super Arena (さいたまスーパーアリーナ)","Saitama, Saitama, Japan",1180
"Sabaton",2015-12-07 00:00:00.000,"Metropolis Arena","Skopje, North Macedonia",1178
"Sabaton",2015-12-17 00:00:00.000,"Silja Galaxy","Stockholm, Stockholm, Sweden",1177
"Sabaton",2015-12-19 00:00:00.000,"Barona Areena","Espoo, Finland",1176
"Sabaton",2016-01-08 00:00:00.000,"Lotto Arena","Antwerp, Flanders, Belgium",1175
"Sabaton",2016-02-05 00:00:00.000,"Hala Vodová","Brno, South Moravian, Czechia",1174
"Sabaton",2016-02-08 00:00:00.000,"Mikser House","Belgrade, Central Serbia, Serbia",1172
"Sabaton",2016-02-09 00:00:00.000,"Kino Šiška","Ljubljana, Ljubljana, Slovenia",1171
"Sabaton",2016-02-10 00:00:00.000,"Estragon","Bologna, Emilia-Romagna, Italy",1170
"Sabaton",2016-02-12 00:00:00.000,"Dornbirn Conrad Sohm","Dornbirn, Vorarlberg, Austria",1169
"Sabaton",2016-02-14 00:00:00.000,"Orpheum","Graz, Styria, Austria",1167
"Sabaton",2016-02-17 00:00:00.000,"Kulturfabrik Kofmehl","Solothurn, Switzerland",1165
"Sabaton",2016-02-19 00:00:00.000,"Komplex 457","Zurich, Zurich, Switzerland",1163
"Sabaton",2016-02-20 00:00:00.000,"Palazzo Chur","Chur, Switzerland",1162
"Sabaton",2016-02-22 00:00:00.000,"ESPACE JULIEN","Marseille, Provence-Alpes-Côte d'Azur, France",1161
"Sabaton",2015-07-18 00:00:00.000,"Chania Castle","Chania, Greece",1160
"Sabaton",2015-07-21 00:00:00.000,"Rockoff Festival","Mariehamn, Finland",1159
"Sabaton",2015-07-23 00:00:00.000,"Parc de Can Zam","Santa Coloma de Gramenet, Spain",1157
"Sabaton",2015-07-26 00:00:00.000,"Castle Beaufort","Beaufort, SC, US",1154
"Sabaton",2015-07-30 00:00:00.000,"MÁV Előre pálya","Székesfehérvár, Fejér, Hungary",1146
"Sabaton",2015-08-08 00:00:00.000,"Polideportivo Municipal","Villena, Spain",1144
"Sabaton",2015-08-05 00:00:00.000,"Polideportivo Municipal","Villena, Spain",1144
"Sabaton",2015-08-06 00:00:00.000,"Polideportivo Municipal de Villena","Villena, Spain",1136
"Sabaton",2015-08-07 00:00:00.000,"Catton Hall and Gardens","Walton-on-Trent, England, United Kingdom",1134
"Sabaton",2015-08-21 00:00:00.000,"","Sofia, Sofia-Capital, Bulgaria",1126
"Sabaton",2015-10-02 00:00:00.000,"Trondheim Metal Fest 2012","Trondheim, Trøndelag, Norway",1124
"Sabaton",2015-05-31 00:00:00.000,"Revolutionfest","Timisoara, Romania",1111
"Sabaton",2015-06-06 00:00:00.000,"Rock in Vienna","Vienna, Vienna, Austria",1109
"Sabaton",2015-06-14 00:00:00.000,"Amfiteáter","Banská Bystrica, Slovakia",1108
"Sabaton",2015-06-20 00:00:00.000,"Area Ex Base NATO","Naz-Sciaves, Italy",1106
"Sabaton",2015-06-27 00:00:00.000,"Festivalområdet Bråvalla","Norrköping, Östergötland, Sweden",1102
"Sabaton",2015-07-16 00:00:00.000,"Messegelände","Balingen, Germany",1100
"Sabaton",2015-03-06 00:00:00.000,"Ray Just Arena","Moscow, Russian Federation",1072
"Sabaton",2015-03-07 00:00:00.000,"Aurora Club","St. Petersburg, Russian Federation",1071
"Sabaton",2015-03-08 00:00:00.000,"Arena Hall","Krasnodar, Russian Federation",1070
"Sabaton",2015-03-10 00:00:00.000,"Otdyh","Novosibirsk, Russian Federation",1069
"Sabaton",2015-03-12 00:00:00.000,"Tele Club","Yekaterinburg, Russian Federation",1068
"Sabaton",2015-03-13 00:00:00.000,"Re:Public","Minsk, Minsk City, Belarus",1067
"Sabaton",2015-03-14 00:00:00.000,"Forum Palace","Vilnius, Vilnius, Lithuania",1066
"Sabaton",2015-03-15 00:00:00.000,"Club FACTORY","Tallinn, Estonia",1065
"Sabaton",2015-03-18 00:00:00.000,"Rytmikorjaamo","Seinajoki, Finland",1064
"Sabaton",2015-03-19 00:00:00.000,"Circus","Helsinki, Uusimaa, Finland",1063
"Sabaton",2015-03-20 00:00:00.000,"Pakkahuone Hall","Tampere, Pirkanmaa, Finland",1061
"Sabaton",2015-03-21 00:00:00.000,"Ravintola Kerubi","Joensuu, Finland",1059
"Sabaton",2015-03-25 00:00:00.000,"Byscena","Trondheim, Trøndelag, Norway",1058
"Sabaton",2015-03-27 00:00:00.000,"Sentrum Scene","Oslo, Oslo, Norway",1057
"Sabaton",2015-03-28 00:00:00.000,"Rokeriet USF","Bergen, Vestland, Norway",1056
"Sabaton",2015-03-29 00:00:00.000,"Stavangeren Kulturscene","Stavanger, Rogaland, Norway",1055
"Sabaton",2015-01-20 00:00:00.000,"Miedzynarodowe Targi Poznanskie","Poznan, Greater Poland, Poland",1051
"Sabaton",2015-01-22 00:00:00.000,"Hala Wisla","Kraków, Lesser Poland, Poland",1050
"Sabaton",2015-01-23 00:00:00.000,"Central Sports Centre Torwar","Warsaw, Mazovia, Poland",1049
"Sabaton",2015-01-24 00:00:00.000,"Hala Orbita","Wroclaw, Lower Silesia, Poland",1048
"Sabaton",2014-12-07 00:00:00.000,"The Academy","Dublin, Leinster, Ireland",1033
"Sabaton",2014-12-09 00:00:00.000,"The Slade Rooms","Wolverhampton, England, United Kingdom",1031
"Sabaton",2014-12-11 00:00:00.000,"Le Bikini","Toulouse, Occitanie, France",1030
"Sabaton",2014-12-12 00:00:00.000,"Santana 27","Bilbao, Basque Country, Spain",1028
"Sabaton",2014-12-13 00:00:00.000,"Sala La Riviera","Madrid, Madrid, Spain",1027
"Sabaton",2014-12-17 00:00:00.000,"Sala Razzmatazz","Barcelona, Catalonia, Spain",1024
"Sabaton",2014-12-18 00:00:00.000,"Transbordeur","Lyon, Auvergne-Rhône-Alpes, France",1023
"Sabaton",2014-12-19 00:00:00.000,"Les Docks","Lausanne, Vaud, Switzerland",1022
"Sabaton",2014-12-20 00:00:00.000,"La Laiterie","Strasbourg, Grand Est, France",1021
"Sabaton",2015-01-10 00:00:00.000,"Eventhalle","Geiselwind, Germany",1018
"Sabaton",2014-11-10 00:00:00.000,"Whisky a Go Go","West Hollywood, California, United States",1001
"Sabaton",2014-11-23 00:00:00.000,"Silja Galaxy","Stockholm, Stockholm, Sweden",1000
"Sabaton",2014-11-25 00:00:00.000,"VEGA","Copenhagen, Capital Region, Denmark",999
"Sabaton",2014-11-27 00:00:00.000,"L'Aeronef","Lille, Hauts-de-France, France",998
"Sabaton",2014-11-29 00:00:00.000,"Concorde 2","Brighton, England, United Kingdom",996
"Sabaton",2014-12-03 00:00:00.000,"Weymouth Pavilion","Weymouth, United Kingdom",993
"Sabaton",2014-12-05 00:00:00.000,"Queen Margaret Union","Glasgow, Scotland, United Kingdom",991
"Sabaton",2014-12-06 00:00:00.000,"The Academy","Dublin, Leinster, Ireland",990
"Sabaton",2014-10-09 00:00:00.000,"The Slade Rooms","Wolverhampton, England, United Kingdom",985
"Sabaton",2014-09-04 00:00:00.000,"Discoteca Céntrica","Lima, Lima, Peru",966
"Sabaton",2014-09-05 00:00:00.000,"Kmasú Premiere","Santiago, Santiago Metropolitan, Chile",965
"Sabaton",2014-09-07 00:00:00.000,"Carioca Club - Pinheiros","São Paulo, São Paulo, Brazil",964
"Sabaton",2014-09-11 00:00:00.000,"Centro Cultural Manzana de la Rivera","Asunción, Paraguay",962
"Sabaton",2014-09-12 00:00:00.000,"Music Hall","Curitiba, Paraná, Brazil",961
"Sabaton",2014-09-13 00:00:00.000,"Tendencies Rock Festival","Palmas, Brazil",960
"Sabaton",2014-09-14 00:00:00.000,"Cultural Bar","Juiz de Fora, Brazil",959
"Sabaton",2014-09-16 00:00:00.000,"Teatro gacemss","Volta Redonda, Brazil",958
"Sabaton",2014-09-17 00:00:00.000,"Teatro Rival","Rio de Janeiro, Rio de Janeiro, Brazil",957
"Sabaton",2014-09-19 00:00:00.000,"Bar Da Montanha","Limeira, Brazil",956
"Sabaton",2014-09-20 00:00:00.000,"Visions of Rock Festival","Caruaru, Brazil",955
"Sabaton",2014-09-21 00:00:00.000,"Granfinos","Belo Horizonte, Minas Gerais, Brazil",954
"Sabaton",2014-07-13 00:00:00.000,"Petrovaradin","Novi Sad, Vojvodina, Serbia",946
"Sabaton",2014-07-18 00:00:00.000,"Backstage","Helsinki, Uusimaa, Finland",945
"Sabaton",2014-07-19 00:00:00.000,"Sokos Hotel Vuokatti","Vuokatti, Finland",944
"Sabaton",2014-07-25 00:00:00.000,"Sotočje","Tolmin, Tolmin, Slovenia",942
"Sabaton",2014-07-21 00:00:00.000,"Sotočje","Tolmin, Tolmin, Slovenia",942
"Sabaton",2014-08-09 00:00:00.000,"Östervångsstadion","Trelleborg, Sweden",935
"Sabaton",2014-08-21 00:00:00.000,"Vaksala Torg","Uppsala, Uppsala, Sweden",932
"Sabaton",2014-08-22 00:00:00.000,"Folkets Park","Norrköping, Östergötland, Sweden",931
"Sabaton",2014-08-23 00:00:00.000,"Mariebergsparken","Karlstad, Värmland, Sweden",930
"Sabaton",2014-08-29 00:00:00.000,"Stadion","Straszęcin, Poland",929
"Sabaton",2014-08-30 00:00:00.000,"Błonia Nadwiślańskie","Grudziądz, Kujawsko-Pomorskie, Poland",928
"Sabaton",2014-09-03 00:00:00.000,"Ozzy Company","Bogotá, Bogota D.C., Colombia",927
"Sabaton",2014-05-24 00:00:00.000,"Brickebackens IP","Örebro, Örebro, Sweden",926
"Sabaton",2014-05-25 00:00:00.000,"Bengans","Gothenburg, Västra Götaland, Sweden",925
"Sabaton",2014-06-02 00:00:00.000,"Spotify Office","Stockholm, Stockholm, Sweden",920
"Sabaton",2014-06-06 00:00:00.000,"Leppävaaran urheilupuisto","Espoo, Finland",918
"Sabaton",2014-06-13 00:00:00.000,"Flugplatz Interlaken","Matten bei Interlaken, Switzerland",911
"Sabaton",2014-06-14 00:00:00.000,"Dreamhack","Jönköping, Sweden",910
"Sabaton",2014-06-15 00:00:00.000,"Donington Park","Castle Donington, England, United Kingdom",909
"Sabaton",2014-06-20 00:00:00.000,"Val de Moine Sport Complex","Clisson, Pays de la Loire, France",900
"Sabaton",2014-06-21 00:00:00.000,"Fredriksten Festning","Halden, Norway",899
"Sabaton",2014-06-26 00:00:00.000,"Piešťany Airport / Letisko Piešťany","Piestany, Slovak Republic",897
"Sabaton",2014-07-05 00:00:00.000,"Parc de Can Zam","Santa Coloma de Gramenet, Spain",889
"Sabaton",2014-07-04 00:00:00.000,"Parc de Can Zam","Santa Coloma de Gramenet, Spain",889
"Sabaton",2014-07-05 00:00:00.000,"Parc de Can Zam","Santa Coloma de Gramenet, Spain",888
"Sabaton",2014-07-10 00:00:00.000,"Flughafen Ballenstedt","Ballenstedt, Germany",886
"Sabaton",2014-07-11 00:00:00.000,"Masters Of Rock","Vizovice, Zlín, Czechia",885
"Sabaton",2014-07-12 00:00:00.000,"Rockmaraton Fesztivál","Pécs, Hungary",884
"Sabaton",2014-05-17 00:00:00.000,"Circo Volador","Mexico City, Mexico City, Mexico",864
"Sabaton",2013-12-07 00:00:00.000,"Finca La Lucha","Desamparados, Costa Rica",863
"Sabaton",2013-12-15 00:00:00.000,"Eventhalle, EventZentrum Strohofer Geiselwind","Geiselwind, Germany",861
"Sabaton",2013-12-13 00:00:00.000,"Eventhalle, EventZentrum Strohofer Geiselwind","Geiselwind, Germany",861
"Sabaton",2013-12-13 00:00:00.000,"Stadthalle","Dietikon, Switzerland",860
"Sabaton",2013-12-14 00:00:00.000,"Eindhoven Metal Meeting","Eindhoven, North Brabant, Netherlands",859
"Sabaton",2013-07-26 00:00:00.000,"Areál Vesec","Liberec, Czechia",837
"Sabaton",2013-07-28 00:00:00.000,"RockBeach Park","Balatonszemes, Hungary",835
"Sabaton",2013-08-09 00:00:00.000,"Polideportivo Municipal de Villena","Villena, Spain",822
"Sabaton",2013-09-06 00:00:00.000,"La Respuesta","San Juan, San Juan, Puerto Rico",815
"Sabaton",2013-11-28 00:00:00.000,"Silja Galaxy","Stockholm, Stockholm, Sweden",811
"Sabaton",2013-05-17 00:00:00.000,"Lotnisko - Muzeum Lotnictwa","Kraków, Poland",806
"Sabaton",2013-05-18 00:00:00.000,"Dom Kultury Słowianin","Szczecin, West Pomerania, Poland",805
"Sabaton",2013-05-23 00:00:00.000,"Stora Scenen","Stockholm, Stockholm, Sweden",804
"Sabaton",2013-06-01 00:00:00.000,"Eventzentrum Strohofer","Geiselwind, Germany",802
"Sabaton",2013-06-09 00:00:00.000,"Ratinan Stadion","Tampere, Pirkanmaa, Finland",798
"Sabaton",2013-06-14 00:00:00.000,"Pannonia Fields II","Nickelsdorf, Burgenland, Austria",795
"Sabaton",2013-06-15 00:00:00.000,"Refshaleøen","Copenhagen, Capital Region, Denmark",794
"Sabaton",2013-07-05 00:00:00.000,"Göteborg Galopp","Gothenburg, Västra Götaland, Sweden",789
"Sabaton",2013-07-16 00:00:00.000,"SKK Arena","St. Petersburg, Russian Federation",784
"Sabaton",2013-03-13 00:00:00.000,"Tvornica","Zagreb, City of Zagreb, Croatia",781
"Sabaton",2013-03-15 00:00:00.000,"Eightball Club","Thessaloníki, Greece",780
"Sabaton",2013-03-19 00:00:00.000,"Jukebox","Bucharest, Bucureşti, Romania",776
"Sabaton",2013-03-20 00:00:00.000,"Dom Omladine Beograda","Belgrade, Central Serbia, Serbia",775
"Sabaton",2013-03-22 00:00:00.000,"Pecsa Music Hall","Budapest, Budapest, Hungary",774
"Sabaton",2013-03-23 00:00:00.000,"Majestic Music Club","Bratislava, Bratislava, Slovak Republic",773
"Sabaton",2013-03-26 00:00:00.000,"Meina Piektdiena","Riga, Riga, Latvia",771
"Sabaton",2013-03-27 00:00:00.000,"Rock Cafe","Tallinn, Estonia",769
"Sabaton",2013-04-10 00:00:00.000,"OZ, Melkweg","Amsterdam, North Holland, Netherlands",768
"Sabaton",2013-04-10 00:00:00.000,"Melkweg","Amsterdam, North Holland, Netherlands",767
"Sabaton",2013-05-03 00:00:00.000,"Karmøygeddon Metal Festival","Haugesund, Norway",766
"Sabaton",2013-05-04 00:00:00.000,"ByScenen","Haugesund, Norway",765
"Sabaton",2013-02-05 00:00:00.000,"Trees","Dallas, Texas, United States",758
"Sabaton",2013-02-07 00:00:00.000,"910 Live","Tempe, Arizona, United States",757
"Sabaton",2013-02-10 00:00:00.000,"El Corazon","Seattle, Washington, United States",754
"Sabaton",2013-02-11 00:00:00.000,"Hawthorne Theatre","Portland, Oregon, United States",753
"Sabaton",2013-02-13 00:00:00.000,"Venue Nightclub","Vancouver, British Columbia, Canada",751
"Sabaton",2013-02-15 00:00:00.000,"In the Venue","Salt Lake City, Utah, United States",750
"Sabaton",2013-02-16 00:00:00.000,"Moe's Original BBQ & Bowl Englewood","Englewood, Colorado, United States",749
"Sabaton",2013-02-22 00:00:00.000,"Annexet","Stockholm, Stockholm, Sweden",748
"Sabaton",2013-03-01 00:00:00.000,"Hala Orbita","Wroclaw, Lower Silesia, Poland",747
"Sabaton",2013-03-02 00:00:00.000,"Hala Kolo","Warsaw, Mazovia, Poland",746
"Sabaton",2013-03-05 00:00:00.000,"Miedzynarodowe Targi Poznanskie","Poznan, Greater Poland, Poland",744
"Sabaton",2013-03-07 00:00:00.000,"KD Vitavska","Prague, Hlavní město Praha, Czechia",743
"Sabaton",2013-03-08 00:00:00.000,"Masters Of Rock Cafe","Zlín, Czech Republic",742
"Sabaton",2013-03-09 00:00:00.000,"KD Serikova","Plzen, Czech Republic",741
"Sabaton",2013-03-11 00:00:00.000,"Rockhouse Salzburg","Salzburg, Salzburg, Austria",740
"Sabaton",2013-03-12 00:00:00.000,"Kino Šiška","Ljubljana, Ljubljana, Slovenia",738
"Sabaton",2012-12-08 00:00:00.000,"Idunteatern","Umea, Sweden",737
"Sabaton",2012-12-09 00:00:00.000,"Silja Galaxy","Stockholm, Stockholm, Sweden",736
"Sabaton",2012-12-12 00:00:00.000,"Garden","Linkoping, Sweden",735
"Sabaton",2012-12-13 00:00:00.000,"Mejeriet","Lund, Skåne, Sweden",734
"Sabaton",2012-12-14 00:00:00.000,"Ekebo","Angleholm, Sweden",733
"Sabaton",2012-12-15 00:00:00.000,"Conventum","Orebro, Sweden",732
"Sabaton",2012-12-21 00:00:00.000,"Sub Scene","Oslo, Oslo, Norway",731
"Sabaton",2012-12-22 00:00:00.000,"Nojesfabriken","Karlstad, Värmland, Sweden",730
"Sabaton",2013-01-12 00:00:00.000,"The Corner","Melbourne, Victoria, Australia",728
"Sabaton",2013-01-15 00:00:00.000,"Palace Theatre","Melbourne, Victoria, Australia",725
"Sabaton",2013-02-02 00:00:00.000,"Brass Mug","Tampa, Florida, United States",719
"Sabaton",2013-02-04 00:00:00.000,"Scout Bar","Houston, Texas, United States",718
"Sabaton",2012-11-04 00:00:00.000,"Glasgow Green","Glasgow, Scotland, United Kingdom",717
"Sabaton",2012-11-07 00:00:00.000,"The Limelight","Belfast, Northern Ireland, United Kingdom",714
"Sabaton",2012-11-09 00:00:00.000,"O2 Forum Kentish Town","London, England, United Kingdom",713
"Sabaton",2012-11-11 00:00:00.000,"Corporation","Sheffield, England, United Kingdom",711
"Sabaton",2012-11-13 00:00:00.000,"Turbinenhalle Oberhausen","Oberhausen, North Rhine-Westphalia, Germany",709
"Sabaton",2012-11-14 00:00:00.000,"Markthalle","Hamburg, Hamburg, Germany",708
"Sabaton",2012-11-22 00:00:00.000,"Circus","Helsinki, Uusimaa, Finland",706
"Sabaton",2012-11-23 00:00:00.000,"Pakkahuone Hall","Tampere, Pirkanmaa, Finland",705
"Sabaton",2012-11-24 00:00:00.000,"Teatrie Oulu","Oulu, North Ostrobothnia, Finland",704
"Sabaton",2012-11-27 00:00:00.000,"Kulturbolaget","Malmo, Skåne, Sweden",703
"Sabaton",2012-11-28 00:00:00.000,"Palace","Kalmar, Sweden",702
"Sabaton",2012-11-29 00:00:00.000,"Idrottshallen","Bralanda, Sweden",701
"Sabaton",2012-11-30 00:00:00.000,"Folkets Park","Huskvarna, Sweden",700
"Sabaton",2012-12-01 00:00:00.000,"Louis De Geer","Norrkoping, Sweden",699
"Sabaton",2012-12-04 00:00:00.000,"Konsert & Kongress","Uppsala, Uppsala, Sweden",698
"Sabaton",2012-12-05 00:00:00.000,"Sundsvalls Stadshuset","Sundsvall, Sweden",697
"Sabaton",2012-12-07 00:00:00.000,"Norrmalmia Sporthall","Pitea, Sweden",696
"Sabaton",2012-10-06 00:00:00.000,"Hard Club","Porto, Porto, Portugal",692
"Sabaton",2012-10-12 00:00:00.000,"LKA Longhorn","Stuttgart, Baden-Württemberg, Germany",689
"Sabaton",2012-10-14 00:00:00.000,"Melkweg","Amsterdam, North Holland, Netherlands",687
"Sabaton",2012-10-19 00:00:00.000,"Lisebergshallen","Gothenburg, Västra Götaland, Sweden",683
"Sabaton",2012-10-22 00:00:00.000,"Bengans","Stockholm, Stockholm, Sweden",680
"Sabaton",2012-10-22 00:00:00.000,"Bengans music store","Stockholm, Stockholm, Sweden",679
"Sabaton",2012-09-01 00:00:00.000,"Kingston Rock City","Limassol, Cyprus",675
"Sabaton",2012-09-26 00:00:00.000,"Arena","Vienna, Vienna, Austria",661
"Sabaton",2012-06-06 00:00:00.000,"Norje Havsbad","Norje, Blekinge, Sweden",653
"Sabaton",2012-06-11 00:00:00.000,"Indigo2","London, England, United Kingdom",652
"Sabaton",2012-06-16 00:00:00.000,"Göteborg Galopp","Gothenburg, Västra Götaland, Sweden",650
"Sabaton",2012-06-22 00:00:00.000,"Boeretang","Dessel, Flanders, Belgium",647
"Sabaton",2012-06-23 00:00:00.000,"Nummijärvi","Kauhajoki, Finland",646
"Sabaton",2012-07-13 00:00:00.000,"Messegelände","Balingen, Germany",644
"Sabaton",2012-07-14 00:00:00.000,"Messegelände","Balingen, Germany",643
"Sabaton",2012-08-02 00:00:00.000,"MÁV Előre pálya","Székesfehérvár, Fejér, Hungary",638
"Sabaton",2012-08-09 00:00:00.000,"Betonwerk Mittelbach","Chemnitz, Saxony, Germany",634
"Sabaton",2012-08-11 00:00:00.000,"Sninské Rybníky","Snina, Slovakia",632
"Sabaton",2012-08-16 00:00:00.000,"Rockstad Falun 2012","Falun, Dalarna, Sweden",631
"Sabaton",2012-08-18 00:00:00.000,"Rockstad Falun 2012","Falun, Dalarna, Sweden",631
"Sabaton",2012-08-30 00:00:00.000,"Reading 3","Tel Aviv, Tel Aviv, Israel",629
"Sabaton",2012-04-30 00:00:00.000,"The Altar Bar","Pittsburgh, Pennsylvania, United States",628
"Sabaton",2012-05-02 00:00:00.000,"The Loft","Poughkeepsie, New York, United States",627
"Sabaton",2012-05-03 00:00:00.000,"Trocadero Theatre","Philadelphia, Pennsylvania, United States",626
"Sabaton",2012-05-04 00:00:00.000,"Gramercy Theatre","New York, New York, United States",625
"Sabaton",2012-05-05 00:00:00.000,"The Worcester Palladium","Worcester, Massachusetts, United States",624
"Sabaton",2012-05-07 00:00:00.000,"Petit Campus","Montreal, Quebec, Canada",623
"Sabaton",2012-05-08 00:00:00.000,"Imperial De Quebec","Québec, Quebec, Canada",622
"Sabaton",2012-05-10 00:00:00.000,"CODA","Toronto, Ontario, Canada",621
"Sabaton",2012-05-11 00:00:00.000,"London Music Hall","London, Ontario, Canada",620
"Sabaton",2012-05-12 00:00:00.000,"Alrosa Villa","Columbus, Ohio, United States",619
"Sabaton",2012-05-13 00:00:00.000,"Blondies","Detroit, Michigan, United States",618
"Sabaton",2012-05-16 00:00:00.000,"reggies rock club","Chicago, Illinois, United States",616
"Sabaton",2012-05-18 00:00:00.000,"Vernon Club","Louisville, Kentucky, United States",615
"Sabaton",2012-05-19 00:00:00.000,"Kingdom Sounds","Richmond, Virginia, United States",614
"Sabaton",2012-05-20 00:00:00.000,"Baltimore Soundstage","Baltimore, Maryland, United States",613
"Sabaton",2012-05-21 00:00:00.000,"Jaxx","West Springfield, Virginia, United States",612
"Sabaton",2012-05-25 00:00:00.000,"El Circo Volador","Mexico City, Mexico City, Mexico",610
"Sabaton",2012-05-29 00:00:00.000,"Progresja","Warsaw, Mazovia, Poland",609
"Sabaton",2011-12-18 00:00:00.000,"Muziekcentrum Trix","Antwerp, Flanders, Belgium",607
"Sabaton",2012-04-10 00:00:00.000,"Brass Mug","Tampa, Florida, United States",603
"Sabaton",2012-04-12 00:00:00.000,"Scout Bar","Houston, Texas, United States",602
"Sabaton",2012-04-14 00:00:00.000,"Scout Bar","Houston, Texas, United States",600
"Sabaton",2012-04-15 00:00:00.000,"Alamo City Music Hall","San Antonio, Texas, United States",598
"Sabaton",2012-04-17 00:00:00.000,"Wreckers","Lubbock, Texas, United States",597
"Sabaton",2012-04-18 00:00:00.000,"Bluebird Theater","Denver, Colorado, United States",596
"Sabaton",2012-04-19 00:00:00.000,"Beaumont Club","Kansas City, Missouri, United States",595
"Sabaton",2012-04-20 00:00:00.000,"Spicoli's Grill","Waterloo, Iowa, United States",594
"Sabaton",2012-04-22 00:00:00.000,"The Firebird","St Louis, Missouri, United States",593
"Sabaton",2012-04-23 00:00:00.000,"The Rave/Eagles Club","Milwaukee, Wisconsin, United States",592
"Sabaton",2012-04-25 00:00:00.000,"The Casbah","Charlotte, North Carolina, United States",591
"Sabaton",2012-04-27 00:00:00.000,"Bogies","Albany, New York, United States",590
"Sabaton",2012-04-28 00:00:00.000,"Broadway Joe's Bar","Buffalo, New York, United States",589
"Sabaton",2012-04-29 00:00:00.000,"Peabody's DownUnder","Cleveland, Ohio, United States",588
"Sabaton",2011-10-04 00:00:00.000,"Culture Room","Fort Lauderdale, Florida, United States",580
"Sabaton",2011-10-14 00:00:00.000,"Alamo City Music Hall","San Antonio, Texas, United States",571
"Sabaton",2011-10-16 00:00:00.000,"The Masquerade","Atlanta, Georgia, United States",570
"Sabaton",2011-10-17 00:00:00.000,"Jaxx","West Springfield, Virginia, United States",569
"Sabaton",2011-08-30 00:00:00.000,"Empik Junior","Warsaw, Mazovia, Poland",567
"Sabaton",2011-09-05 00:00:00.000,"Piano Club","Trenčín, Trenčiansky kraj, Slovak Republic",563
"Sabaton",2011-09-07 00:00:00.000,"Arena Vienna","Vienna, Vienna, Austria",562
"Sabaton",2011-09-08 00:00:00.000,"Backstage","Munich, Bavaria, Germany",561
"Sabaton",2011-09-09 00:00:00.000,"LKA Longhorn","Stuttgart, Baden-Württemberg, Germany",560
"Sabaton",2011-09-10 00:00:00.000,"Posthalle","Wurzburg, Germany",559
"Sabaton",2011-09-11 00:00:00.000,"Effenaar","Eindhoven, North Brabant, Netherlands",558
"Sabaton",2011-09-13 00:00:00.000,"Volkshaus","Zurich, Zurich, Switzerland",557
"Sabaton",2011-09-14 00:00:00.000,"Garage","Saarbrucken, Germany",556
"Sabaton",2011-09-15 00:00:00.000,"Markthalle","Hamburg, Hamburg, Germany",555
"Sabaton",2011-09-16 00:00:00.000,"Hellraiser","Leipzig, Saxony, Germany",554
"Sabaton",2011-09-17 00:00:00.000,"Turbinenhalle Oberhausen","Oberhausen, North Rhine-Westphalia, Germany",553
"Sabaton",2011-05-27 00:00:00.000,"Schloss Mamling","Mining, Austria",542
"Sabaton",2011-06-05 00:00:00.000,"Amfiteátr Lochotín","Plzeň, Czechia",537
"Sabaton",2011-07-02 00:00:00.000,"Piața Constituției","Bucharest, Bucureşti, Romania",532
"Sabaton",2011-07-09 00:00:00.000,"Ruissalo","Turku, Finland",529
"Sabaton",2011-07-17 00:00:00.000,"Europe Square","Batumi, Georgia",528
"Sabaton",2011-08-26 00:00:00.000,"Ayia Napa Harbour","Ayia Napa, Cyprus",525
"Sabaton",2011-05-18 00:00:00.000,"Rock City","Novosibirsk, Russian Federation",505
"Sabaton",2011-03-12 00:00:00.000,"UFO","Bruneck, Italy",502
"Sabaton",2011-03-14 00:00:00.000,"Kino Šiška","Ljubljana, Ljubljana, Slovenia",501
"Sabaton",2011-03-15 00:00:00.000,"New Age","Treviso, Veneto, Italy",500
"Sabaton",2011-03-16 00:00:00.000,"Club Vaudeville","Lindau, Germany",499
"Sabaton",2011-03-18 00:00:00.000,"Aladin","Bremen, Bremen, Germany",496
"Sabaton",2011-04-15 00:00:00.000,"The Montage Music Hall","Rochester, New York, United States",490
"Sabaton",2011-04-24 00:00:00.000,"Bluebird Theater","Denver, Colorado, United States",482
"Sabaton",2010-12-10 00:00:00.000,"Gamla Teatern","Östersund, Sweden",476
"Sabaton",2010-12-12 00:00:00.000,"Idunteatern, Folkets Hus","Umeå, Sweden",474
"Sabaton",2010-12-18 00:00:00.000,"Festhalle","Bern, Bern, Switzerland",473
"Sabaton",2011-01-25 00:00:00.000,"Majesty of the Seas","Miami, Florida, United States",472
"Sabaton",2011-01-27 00:00:00.000,"Majesty of the Seas","Miami, Florida, United States",471
"Sabaton",2011-03-03 00:00:00.000,"Rockhal","Esch-sur-Alzette, Esch-sur-Alzette, Luxembourg",469
"Sabaton",2011-03-04 00:00:00.000,"Espace Culturel","Eloyes, France",468
"Sabaton",2011-03-05 00:00:00.000,"Le Trabendo","Paris, Île-de-France, France",467
"Sabaton",2011-03-06 00:00:00.000,"Rock Star","Bilbao, Basque Country, Spain",466
"Sabaton",2011-03-08 00:00:00.000,"Cine Teatro Corroios","Lisbon, Lisbon, Portugal",465
"Sabaton",2011-03-09 00:00:00.000,"Ritmo Y Compas","Madrid, Madrid, Spain",464
"Sabaton",2011-03-10 00:00:00.000,"Salamandra","Barcelona, Catalonia, Spain",463
"Sabaton",2011-03-11 00:00:00.000,"Ninkasi Ale House","Lyon, Auvergne-Rhône-Alpes, France",462
"Sabaton",2010-12-02 00:00:00.000,"Silja Galaxy","Stockholm, Stockholm, Sweden",441
"Sabaton",2010-11-04 00:00:00.000,"Reaktor","Minsk, Minsk City, Belarus",423
"Sabaton",2010-09-03 00:00:00.000,"SK Chaika","Kyiv, Kyiv City, Ukraine",419
"Sabaton",2010-09-11 00:00:00.000,"ProgPower USA 2010","Atlanta, Georgia, United States",418
"Sabaton",2010-09-12 00:00:00.000,"ProgPower USA 2010","Atlanta, Georgia, United States",418
"Sabaton",2010-10-01 00:00:00.000,"MusicHall Strohofer Geiselwind","Geiselwind, Germany",407
"Sabaton",2010-10-02 00:00:00.000,"Backstage Werkgelände","Munich, Bavaria, Germany",406
"Sabaton",2010-10-07 00:00:00.000,"Alcatraz","Milan, Lombardy, Italy",401
"Sabaton",2010-06-04 00:00:00.000,"Wyspa Słodowa","Wroclaw, Lower Silesia, Poland",398
"Sabaton",2010-06-05 00:00:00.000,"Wyspa Słodowa","Wroclaw, Lower Silesia, Poland",398
"Sabaton",2010-06-04 00:00:00.000,"Zamek Krzyżacki","Malbork, Poland",397
"Sabaton",2010-06-05 00:00:00.000,"Wyspa Słodowa","Wroclaw, Lower Silesia, Poland",396
"Sabaton",2010-06-06 00:00:00.000,"Wat","Warsaw, Mazovia, Poland",395
"Sabaton",2010-06-18 00:00:00.000,"Frihamnspiren","Gothenburg, Västra Götaland, Sweden",389
"Sabaton",2010-06-20 00:00:00.000,"Val de Moine Sport Complex","Clisson, Pays de la Loire, France",388
"Sabaton",2010-07-03 00:00:00.000,"Maçka Küçükçiftlik Park","Istanbul, Istanbul, Turkey",382
"Sabaton",2010-07-10 00:00:00.000,"Øyesletta","Kvinesdal, Norway",378
"Sabaton",2010-07-15 00:00:00.000,"Areál likérky R. Jelínek","Vizovice, Czechia",377
"Sabaton",2010-07-17 00:00:00.000,"Messegelände","Balingen, Germany",376
"Sabaton",2010-07-16 00:00:00.000,"Messegelände","Balingen, Germany",376
"Sabaton",2010-07-16 00:00:00.000,"Messegelände","Balingen, Germany",374
"Sabaton",2010-08-27 00:00:00.000,"Barby Club","Tel Aviv, Tel Aviv, Israel",366
"Sabaton",2009-12-14 00:00:00.000,"Turock","Essen, North Rhine-Westphalia, Germany",360
"Sabaton",2010-02-27 00:00:00.000,"Katakomben","Skien, Norway",359
"Sabaton",2010-03-13 00:00:00.000,"Pontins Prestatyn Sands Holiday Park","Prestatyn, Wales, United Kingdom",357
"Sabaton",2010-03-14 00:00:00.000,"Pontins Prestatyn Sands Holiday Park","Prestatyn, Wales, United Kingdom",356
"Sabaton",2010-04-09 00:00:00.000,"Club Firestone","Orlando, Florida, United States",355
"Sabaton",2010-04-10 00:00:00.000,"Culture Room","Fort Lauderdale, Florida, United States",354
"Sabaton",2010-04-13 00:00:00.000,"Jaxx Nightclub","Springfield, Virginia, United States",353
"Sabaton",2010-04-14 00:00:00.000,"Trocadero Theatre","Philadelphia, Pennsylvania, United States",352
"Sabaton",2010-04-30 00:00:00.000,"House of Blues San Diego","San Diego, California, United States",351
"Sabaton",2010-05-07 00:00:00.000,"Arenan","Falun, Dalarna, Sweden",350
"Sabaton",2010-05-08 00:00:00.000,"CONVENTUM ARENA","Örebro, Örebro, Sweden",349
"Sabaton",2010-05-23 00:00:00.000,"Batthyány tér hajóállomás","Budapest, Budapest, Hungary",346
"Sabaton",2009-09-11 00:00:00.000,"Center Stage","Atlanta, Georgia, United States",343
"Sabaton",2009-10-09 00:00:00.000,"Katakomben","Skien, Norway",342
"Sabaton",2009-10-10 00:00:00.000,"John Dee","Oslo, Oslo, Norway",341
"Sabaton",2009-05-22 00:00:00.000,"Burg Frauenstein","Mining, Austria",322
"Sabaton",2009-06-06 00:00:00.000,"Norje Havsbad","Norje, Blekinge, Sweden",320
"Sabaton",2009-06-13 00:00:00.000,"X-Huset","Falun, Dalarna, Sweden",319
"Sabaton",2009-06-27 00:00:00.000,"Kaisaniemi","Helsinki, Uusimaa, Finland",318
"Sabaton",2009-07-04 00:00:00.000,"Festivalový areál","Spalene Porici, Czechia",317
"Sabaton",2009-07-09 00:00:00.000,"Szejkefürdő","Odorheiu Secuiesc, Romania",315
"Sabaton",2009-07-11 00:00:00.000,"Petrovaradin","Novi Sad, Vojvodina, Serbia",314
"Sabaton",2009-08-21 00:00:00.000,"Freilichtbühne Loreley","St. Goarshausen, Germany",305
"Sabaton",2009-09-02 00:00:00.000,"Amfiteatr Zielona Góra","Zielona Góra, Lubusz, Poland",302
"Sabaton",2009-09-05 00:00:00.000,"Plac Lisia Góra","Rzeszów, Poland",300
"Sabaton",2009-09-06 00:00:00.000,"Gora Strekowa","Wizna, Poland",299
"Sabaton",2009-03-26 00:00:00.000,"Store Vega, VEGA","Copenhagen, Capital Region, Denmark",298
"Sabaton",2009-03-27 00:00:00.000,"Scandinavium","Gothenburg, Västra Götaland, Sweden",297
"Sabaton",2009-03-29 00:00:00.000,"Hovet","Stockholm, Stockholm, Sweden",295
"Sabaton",2009-04-03 00:00:00.000,"Klub Ucho","Gdynia, Pomerania, Poland",294
"Sabaton",2009-04-04 00:00:00.000,"Klub Eskulap","Poznan, Greater Poland, Poland",293
"Sabaton",2009-04-05 00:00:00.000,"Klub Alibi","Wroclaw, Lower Silesia, Poland",292
"Sabaton",2009-04-07 00:00:00.000,"Štuk","Maribor, Maribor, Slovenia",291
"Sabaton",2009-04-08 00:00:00.000,"Boogaloo","Zagreb, City of Zagreb, Croatia",290
"Sabaton",2009-04-14 00:00:00.000,"Planet.tt Bank Austria Halle Gasometer","Vienna, Vienna, Austria",286
"Sabaton",2009-04-18 00:00:00.000,"MsKC","Ziar nad Hronom, Slovakia",283
"Sabaton",2009-04-19 00:00:00.000,"Cassosport Sport Hall","Košice, Slovakia",282
"Sabaton",2009-04-20 00:00:00.000,"Novesta Hall","Zlín, Czechia",281
"Sabaton",2009-05-21 00:00:00.000,"Flugplatz","Dessau, Germany",279
"Sabaton",2009-03-03 00:00:00.000,"Élysée Montmartre","Paris, Île-de-France, France",276
"Sabaton",2009-03-04 00:00:00.000,"Le Transbordeur","Villeurbanne, France",275
"Sabaton",2009-03-07 00:00:00.000,"RockStar Live","Barakaldo, Basque Country, Spain",273
"Sabaton",2009-03-08 00:00:00.000,"Sala Razzmatazz","Barcelona, Catalonia, Spain",272
"Sabaton",2009-03-11 00:00:00.000,"Backstage","Munich, Bavaria, Germany",270
"Sabaton",2009-03-12 00:00:00.000,"Z7 Konzertfabrik","Pratteln, Basel-Landschaft, Switzerland",269
"Sabaton",2009-03-13 00:00:00.000,"Z7 Konzertfabrik","Pratteln, Basel-Landschaft, Switzerland",268
"Sabaton",2009-03-14 00:00:00.000,"All-Kart-Halle","Kaufbeuren, Germany",267
"Sabaton",2009-03-16 00:00:00.000,"Filharmonie","Filderstadt, Germany",266
"Sabaton",2009-03-17 00:00:00.000,"Live Music Hall","Cologne, North Rhine-Westphalia, Germany",265
"Sabaton",2009-03-18 00:00:00.000,"Turbinenhalle Oberhausen","Oberhausen, North Rhine-Westphalia, Germany",264
"Sabaton",2009-03-21 00:00:00.000,"Wartenberg Oval","Wartenberg, Germany",262
"Sabaton",2009-03-22 00:00:00.000,"Halle Gartlage","Osnabrück, Lower Saxony, Germany",261
"Sabaton",2009-03-23 00:00:00.000,"Docks","Hamburg, Hamburg, Germany",260
"Sabaton",2009-03-24 00:00:00.000,"Huxleys Neue Welt","Berlin, Berlin, Germany",259
"Sabaton",2008-12-05 00:00:00.000,"John Dee","Oslo, Oslo, Norway",247
"Sabaton",2008-12-20 00:00:00.000,"Folkets Hus","Uddevalla, Sweden",245
"Sabaton",2009-01-10 00:00:00.000,"Harley Bar","Θεσσαλονίκη, Ελλάδα",243
"Sabaton",2009-02-13 00:00:00.000,"Tallink Silja","Stockholm, Stockholm, Sweden",242
"Sabaton",2009-02-26 00:00:00.000,"Hanenhof","Geleen, Limburg, The Netherlands",240
"Sabaton",2008-10-25 00:00:00.000,"Krakow","Kraków, Lesser Poland, Poland",230
"Sabaton",2008-07-19 00:00:00.000,"Dongberg","Neukirchen-Vluyn, Germany",210
"Sabaton",2008-07-25 00:00:00.000,"Piteå dansar och ler","Piteå, Sweden",209
"Sabaton",2008-08-01 00:00:00.000,"Hauptstrasse","Wacken, Schleswig-Holstein, Germany",204
"Sabaton",2008-08-02 00:00:00.000,"Biker Summer Run","Leverkusen, Germany",203
"Sabaton",2008-08-03 00:00:00.000,"Treibsand","Lübeck, Germany",202
"Sabaton",2008-08-16 00:00:00.000,"Industriegebiet Emslandstrasse/Ostersand","Emlichheim, Germany",198
"Sabaton",2008-09-05 00:00:00.000,"Sportplatz Kleinfeld","Reiden, Switzerland",196
"Sabaton",2008-09-06 00:00:00.000,"Cafe Dome","Ludwigshafen am Rhein, Rheinland-Pfalz, Germany",195
"Sabaton",2008-09-12 00:00:00.000,"Barby Club","Tel Aviv, Tel Aviv, Israel",194
"Sabaton",2007-09-01 00:00:00.000,"Hof Ter Lo","Antwerp, Flanders, Belgium",191
"Sabaton",2007-10-05 00:00:00.000,"Matrix","Bochum, North Rhine-Westphalia, Germany",190
"Sabaton",2007-10-06 00:00:00.000,"Treibsand","Lübeck, Germany",189
"Sabaton",2007-10-27 00:00:00.000,"FMM Arena","Mora, Sweden",188
"Sabaton",2007-11-24 00:00:00.000,"Sweden Rock Cruise","Stockholm, Stockholm, Sweden",187
"Sabaton",2008-03-21 00:00:00.000,"Szene Wien","Vienna, Vienna, Austria",182
"Sabaton",2008-04-25 00:00:00.000,"Club Maiden","Oslo, Oslo, Norway",180
"Sabaton",2008-04-26 00:00:00.000,"ByScenen","Haugesund, Norway",179
"Sabaton",2008-05-31 00:00:00.000,"Funbox Amalie","Essen, North Rhine-Westphalia, Germany",178
"Sabaton",2008-06-04 00:00:00.000,"Norje Havsbad","Norje, Blekinge, Sweden",175
"Sabaton",2008-06-14 00:00:00.000,"Rockstad","Falun, Dalarna, Sweden",174
"Sabaton",2008-06-20 00:00:00.000,"Sportplatz Gock","Kleinwenkheim, Germany",173
"Sabaton",2008-06-26 00:00:00.000,"Folkets Park","Borlänge, Sweden",171
"Sabaton",2007-06-14 00:00:00.000,"Hultsfreds Hembygdspark","Hultsfred, Kalmar, Sweden",159
"Sabaton",2007-06-22 00:00:00.000,"Boeretang","Dessel, Flanders, Belgium",155
"Sabaton",2007-06-28 00:00:00.000,"Folkets Park","Borlänge, Sweden",153
"Sabaton",2007-06-29 00:00:00.000,"Folkets Park","Borlänge, Sweden",152
"Sabaton",2007-07-06 00:00:00.000,"Sástó Camping","Mátrafüred, Hungary",151
"Sabaton",2007-07-07 00:00:00.000,"Szejkefürdő","Odorheiu Secuiesc, Romania",150
"Sabaton",2007-07-14 00:00:00.000,"Folkets Park","Arvika, Värmland, Sweden",147
"Sabaton",2007-07-20 00:00:00.000,"Ostbayernhalle","Rieden, Germany",145
"Sabaton",2007-07-21 00:00:00.000,"Erftauen","Euskirchen, North Rhine-Westphalia, Germany",144
"Sabaton",2007-08-18 00:00:00.000,"Metal Alliance","Offenbach, Hesse, Germany",142
"Sabaton",2007-05-27 00:00:00.000,"Amphitheater Gelsenkirchen","Gelsenkirchen, North Rhine-Westphalia, Germany",123
"Sabaton",2007-01-29 00:00:00.000,"Alcatraz","Milan, Lombardy, Italy",117
"Sabaton",2006-10-14 00:00:00.000,"Rockvallen","Kalmar, Sweden",100
"Sabaton",2006-10-28 00:00:00.000,"Skylten","Linköping, Östergötland, Sweden",98
"Sabaton",2006-11-06 00:00:00.000,"Gamla Tingshuset","Östersund, Sweden",96
"Sabaton",2006-11-18 00:00:00.000,"Folkets Park","Växjö, Sweden",94
"Sabaton",2006-11-24 00:00:00.000,"Silja Galaxy","Stockholm, Stockholm, Sweden",93
"Sabaton",2006-12-16 00:00:00.000,"Musikens Hus","Gothenburg, Västra Götaland, Sweden",90
"Sabaton",2006-12-31 00:00:00.000,"Pub Engelbrekt","Falun, Dalarna, Sweden",89
"Sabaton",2006-08-19 00:00:00.000,"Biebob","Vosselaar, Flanders, Belgium",78
"Sabaton",2006-09-22 00:00:00.000,"Club 23","Berlin, Berlin, Germany",69
"Sabaton",2006-09-30 00:00:00.000,"Nöjesfabriken","Karlstad, Värmland, Sweden",62
"Sabaton",2006-03-12 00:00:00.000,"Växjöparken","Växjö, Sweden",49
"Sabaton",2006-03-30 00:00:00.000,"Folkets Park","Växjö, Sweden",48
"Sabaton",2006-04-12 00:00:00.000,"Eurobowl","Norrköping, Östergötland, Sweden",47
"Sabaton",2006-05-12 00:00:00.000,"Fabriken","Gothenburg, Västra Götaland, Sweden",46
"Sabaton",2006-06-12 00:00:00.000,"KTH","Stockholm, Stockholm, Sweden",45
"Sabaton",2006-07-12 00:00:00.000,"Tivolirock","Kristianstad, Sweden",44
"Sabaton",2006-07-15 00:00:00.000,"Tivoliparken","Kristianstad, Sweden",43
"Sabaton",2006-08-05 00:00:00.000,"Folkets Park","Hultsfred, Kalmar, Sweden",42
"Sabaton",2005-10-22 00:00:00.000,"Fabriken","Gothenburg, Västra Götaland, Sweden",41
"Sabaton",2006-01-24 00:00:00.000,"The Zodiac","Oxford, England, United Kingdom",39
"Sabaton",2006-01-29 00:00:00.000,"Rock City","Nottingham, England, United Kingdom",37
"Sabaton",2003-03-15 00:00:00.000,"East Harbor Café","Falun, Dalarna, Sweden",20
"Sabaton",2003-04-11 00:00:00.000,"Järpen","Järpen, Sweden",19
"Sabaton",2003-07-09 00:00:00.000,"Vansbro Open Air","Vansbro, Sweden",18
"Sabaton",2003-07-11 00:00:00.000,"Folkets Park","Dala-Floda, Sweden",17
"Sabaton",2003-08-16 00:00:00.000,"Himlarocken","Leksand, Sweden",16
"Sabaton",2003-11-01 00:00:00.000,"Kryptan","Orsa, Sweden",15
"Sabaton",2004-05-05 00:00:00.000,"Lugnet","Falun, Dalarna, Sweden",14
"Sabaton",2004-07-07 00:00:00.000,"Vansbro Open Air","Vansbro, Sweden",13
"Sabaton",2004-09-04 00:00:00.000,"Folkets Park","Gagnef, Sweden",12
"Sabaton",2005-05-20 00:00:00.000,"Café Giljotin","Uddevalla, Sweden",10
"Sabaton",2005-05-28 00:00:00.000,"Vilda Villekulla","Insjön, Sweden",9
"Sabaton",2005-06-10 00:00:00.000,"Norje Havsbad","Norje, Blekinge, Sweden",7
"Sabaton",2005-06-18 00:00:00.000,"Underbar","Sandviken, Gävleborg, Sweden",6
"Sabaton",2005-08-06 00:00:00.000,"Folkets Park","Hultsfred, Kalmar, Sweden",5
"Sabaton",2005-09-10 00:00:00.000,"Karateklubb","Emmaboda, Sweden",3
"Sabaton",2005-09-17 00:00:00.000,"Juz Live Club","Andernach, Germany",2
"Sabaton",2005-09-30 00:00:00.000,"Tallink Galaxy","Stockholm, Stockholm, Sweden",1
"Judas Priest / Sabaton",2024-09-21 00:00:00.000,"Alliant Energy Powerhouse","Cedar Rapids, Iowa, United States",2007
"Judas Priest / Sabaton",2024-09-21 00:00:00.000,"Alliant Energy Powerhouse","Cedar Rapids, Iowa, United States",2006
"Judas Priest / Sabaton",2024-09-22 00:00:00.000,"Denny Sanford Premier Center","Sioux Falls, South Dakota, United States",2005
"Judas Priest / Sabaton",2024-09-24 00:00:00.000,"Mayo Civic Center Arena","Rochester, Minnesota, United States",2004
"Judas Priest / Sabaton",2024-09-25 00:00:00.000,"Baxter Arena","Omaha, Nebraska, United States",2003
"Judas Priest / Sabaton",2024-09-27 00:00:00.000,"BMO Center","Rockford, Illinois, United States",2002
"Judas Priest / Sabaton",2024-09-27 00:00:00.000,"BMO Harris Bank Center","Rockford, Illinois, United States",2001
"Judas Priest / Sabaton",2024-10-01 00:00:00.000,"Cable Dahmer Arena","Independence, Missouri, United States",2000
"Judas Priest / Sabaton",2024-10-01 00:00:00.000,"Cable Dahmer Arena","Independence, MO, US",1999
"Judas Priest / Sabaton",2024-10-03 00:00:00.000,"First Interstate Arena At MetraPark","Billings, Montana, United States",1998
"Judas Priest / Sabaton",2024-10-05 00:00:00.000,"Hero Arena, Mountain America Center","Idaho Falls, Idaho, United States",1997
"Judas Priest / Sabaton",2024-10-05 00:00:00.000,"Mountain America Center","Idaho Falls, Idaho, United States",1996
"Judas Priest / Sabaton",2024-10-06 00:00:00.000,"Spokane Arena","Spokane, Washington, United States",1995
"Judas Priest / Sabaton",2024-10-09 00:00:00.000,"Angel of the Winds Arena","Everett, Washington, United States",1994
"Judas Priest / Sabaton",2024-10-10 00:00:00.000,"Rose Garden Arena Theater in the Clouds","Portland, Oregon, United States",1993
"Judas Priest / Sabaton",2024-10-10 00:00:00.000,"Theater of the Clouds, Moda Center, Rose Quarter","Portland, Oregon, United States",1992
"Judas Priest / Sabaton",2024-10-13 00:00:00.000,"Gold Country Casino","Reno, Nevada, United States",1989
"Judas Priest / Sabaton",2024-10-13 00:00:00.000,"Grand Sierra Resort","Reno, Nevada, United States",1988
"Judas Priest / Sabaton",2024-10-15 00:00:00.000,"YouTube Theater","Inglewood, California, United States",1987
"Judas Priest / Sabaton",2024-10-16 00:00:00.000,"Bakkt Theater, Planet Hollywood Resort & Casino","Las Vegas, Nevada, United States",1986
"Judas Priest / Sabaton",2024-10-18 00:00:00.000,"Arizona Financial Theatre","Phoenix, Arizona, United States",1985
"Judas Priest / Sabaton",2024-10-20 00:00:00.000,"Blue Arena","Loveland, Colorado, United States",1984
"Judas Priest / Sabaton",2024-10-22 00:00:00.000,"Smart Financial Centre at Sugar Land","Sugar Land, Texas, United States",1983
"Judas Priest / Sabaton",2024-10-24 00:00:00.000,"Germania Insurance Amphitheater","Austin, Texas, United States",1982
"Judas Priest / Sabaton",2024-10-26 00:00:00.000,"The Pavilion at Toyota Music Factory","Irving, Texas, United States",1981
"Judas Priest / Sabaton",2024-04-24 00:00:00.000,"Cross insurance Center","Bangor, Maine, United States",1980
"Judas Priest / Sabaton",2024-04-25 00:00:00.000,"MGM Music Hall at Fenway","Boston, Massachusetts, United States",1979
"Judas Priest / Sabaton",2024-04-27 00:00:00.000,"Covelli Centre","Youngstown, Ohio, United States",1978
"Judas Priest / Sabaton",2024-04-28 00:00:00.000,"Everwise Amphitheater at White River State Park","Indianapolis, Indiana, United States",1977
"Judas Priest / Sabaton",2024-05-01 00:00:00.000,"Rosemont Theatre","Rosemont, Illinois, United States",1976
"Judas Priest / Sabaton",2024-05-02 00:00:00.000,"Armory","Minneapolis, Minnesota, United States",1975
"Judas Priest / Sabaton",2024-05-04 00:00:00.000,"Wings Event Center","Kalamazoo, Michigan, United States",1974
"Judas Priest / Sabaton",2024-05-05 00:00:00.000,"Saint Louis Music Park, Centene Community Ice Center","Maryland Heights, Missouri, United States",1973
"Judas Priest / Sabaton",2024-05-07 00:00:00.000,"Propst Arena, Von Braun Center","Huntsville, Alabama, United States",1972
"Judas Priest / Sabaton",2024-05-11 00:00:00.000,"Ameris Bank Amphitheatre","Atlanta, Georgia, United States",1971
"Judas Priest / Sabaton",2024-05-11 00:00:00.000,"Ameris Bank Amphitheatre","Alpharetta, Georgia, United States",1970
"Judas Priest / Sabaton",2024-05-12 00:00:00.000,"Mobile Civic Center Arena","Mobile, AL, US",1969
"Judas Priest / Sabaton",2024-05-12 00:00:00.000,"Mobile Civic Center Arena","Mobile, Alabama, United States",1968
"Judas Priest / Sabaton",2024-05-14 00:00:00.000,"PNC Music Pavillon","Charlotte, North Carolina, United States",1967
"Judas Priest / Sabaton",2024-05-14 00:00:00.000,"PNC Music Pavilion","Charlotte, North Carolina, United States",1966
"Judas Priest / Sabaton",2024-05-17 00:00:00.000,"Ford Center","Evansville, Indiana, United States",1965
"Judas Priest / Sabaton",2024-05-19 00:00:00.000,"The Theater at MGM","Oxon Hill, Maryland, United States",1964
"Judas Priest / Sabaton",2024-05-19 00:00:00.000,"The Theater at Mgm National Harbor","National Harbor, Maryland, United States",1963
"Judas Priest / Sabaton",2024-05-21 00:00:00.000,"MVP Arena","Albany, New York, United States",1962
"Judas Priest / Sabaton",2024-05-22 00:00:00.000,"Empower Federal Credit Union Amphitheater at Lakeview","Syracuse, New York, United States",1961
"Judas Priest / Sabaton",2024-09-13 00:00:00.000,"Bell Centre","Montreal, Quebec, Canada",1960
"Judas Priest / Sabaton",2024-09-14 00:00:00.000,"Fallsview Casino Resort","Niagara Falls, Ontario, Canada",1959
"Judas Priest / Sabaton",2024-09-14 00:00:00.000,"OLG Stage at Fallsview Casino","Niagara Falls, Ontario, Canada",1958
"Judas Priest / Sabaton",2024-09-17 00:00:00.000,"Michigan Lottery Amphitheatre at Freedom Hill","Sterling Heights, Michigan, United States",1957
"Judas Priest / Sabaton",2024-09-19 00:00:00.000,"Miller High Life Theatre","Milwaukee, Wisconsin, United States",1956
"Judas Priest / Sabaton",2023-09-27 00:00:00.000,"Cable Dahmer Arena","Independence, MO, US",1938
"Judas Priest / Sabaton",2024-04-18 00:00:00.000,"Oakdale Theatre","Wallingford, Connecticut, United States",1934
"Judas Priest / Sabaton",2024-04-18 00:00:00.000,"Toyota Oakdale Theatre","Wallingford, Connecticut, United States",1933
"Judas Priest / Sabaton",2024-04-19 00:00:00.000,"Prudential Center","Newark, New Jersey, United States",1932
"Judas Priest / Sabaton",2024-04-21 00:00:00.000,"Santander Performing Arts Center","Reading, Pennsylvania, United States",1931
"Judas Priest / Sabaton",2024-04-21 00:00:00.000,"Santander Area","Reading, Pennsylvania, United States",1930
"Judas Priest / Sabaton",2024-04-21 00:00:00.000,"Santander Arena","Reading, Pennsylvania, United States",1929
"Judas Priest / Sabaton",2023-04-27 00:00:00.000,"Covelli Centre","Youngstown, Ohio, United States",1911
"Judas Priest / Sabaton",2021-10-06 00:00:00.000,"Microsoft Theater, L.A. Live","Los Angeles, California, United States",1748
"Judas Priest / Sabaton",2021-10-13 00:00:00.000,"H-E-B Center at Cedar Park","Cedar Park, Texas, United States",1747
"Judas Priest / Sabaton",2021-09-08 00:00:00.000,"Santander Arena","Reading, Pennsylvania, United States",1721
"Judas Priest / Sabaton",2021-09-08 00:00:00.000,"The Theater at Santander Arena","Reading, Pennsylvania, United States",1720
"Judas Priest / Sabaton",2021-09-13 00:00:00.000,"PNC Music Pavilion","Charlotte, North Carolina, United States",1714
"Judas Priest / Sabaton",2021-09-14 00:00:00.000,"Red Hat Amphitheater","Raleigh, North Carolina, United States",1713
"Judas Priest / Sabaton",2021-09-16 00:00:00.000,"Van Andel Arena","Grand Rapids, Michigan, United States",1712
"Judas Priest / Sabaton",2021-09-17 00:00:00.000,"Covelli Centre","Youngstown, Ohio, United States",1711
"Judas Priest / Sabaton",2021-09-19 00:00:00.000,"Fox Theatre Detroit","Detroit, Michigan, United States",1710
"Judas Priest / Sabaton",2021-09-20 00:00:00.000,"Rosemont Theatre","Chicago, Illinois, United States",1709
"Judas Priest / Sabaton",2021-09-20 00:00:00.000,"Rosemont Theatre","Rosemont, Illinois, United States",1708
"Judas Priest / Sabaton",2021-09-22 00:00:00.000,"Miller High Life Theatre","Milwaukee, Wisconsin, United States",1707
"Judas Priest / Sabaton",2021-09-23 00:00:00.000,"Armory","Minneapolis, Minnesota, United States",1700
"Judas Priest / Sabaton",2021-09-25 00:00:00.000,"Saint Louis Music Park, Centene Community Ice Center","Maryland Heights, Missouri, United States",1699
"Judas Priest / Sabaton",,"Mission Ballroom","Denver, Colorado, United States",1693
"Judas Priest / Sabaton",2011-08-09 00:00:00.000,"o2 World Berlin","Berlin, Berlin, Germany",527
"Judas Priest / Sabaton",2011-08-09 00:00:00.000,"Mercedes-Benz Arena","Berlin, Berlin, Germany",526
"Sabaton / Pop Evil / Wings of Steel",2026-03-12 00:00:00.000,"MGM Music Hall at Fenway","Boston, Massachussets, United Statesi",2091
"Sabaton / Pop Evil / Wings of Steel",2026-04-11 00:00:00.000,"The Theatre at Great Canadian Casino Resort","Toronto, Ontario, Canada",2084
"Sabaton / Pop Evil / Wings of Steel",2026-04-14 00:00:00.000,"Burton Cummings Theatre","Winnipeg, Manitoba, Canada",2083
"Sabaton / Pop Evil / Wings of Steel",2026-04-18 00:00:00.000,"Grey Eagle Event Centre","Calgary, Alberta, Canada",2081
"Rock im Park 2026",2026-06-07 00:00:00.000,"Zeppelinfeld","Nuremberg, Bavaria, Germany",2079
"Rock im Park 2026",2026-06-05 00:00:00.000,"Zeppelinfeld","Nuremberg, Bavaria, Germany",2079
"Rock am Ring 2026",2026-06-07 00:00:00.000,"Nürburgring","Nürburg, Rheinland-Pfalz, Germany",2078
"Rock am Ring 2026",2026-06-05 00:00:00.000,"Nürburgring","Nürburg, Rheinland-Pfalz, Germany",2078
"Sabaton / Iron Maiden / The Offspring / A Perfect Circle / Hollywood Undead / Social Distortion",,"Zeppelinfeld","Nuremberg, Bavaria, Germany",2077
"Sabaton / Iron Maiden / The Offspring / A Perfect Circle / Hollywood Undead / Social Distortion",,"Nürburgring","Nürburg, Rheinland-Pfalz, Germany",2076
"Nova Rock Festival 2026",2026-06-14 00:00:00.000,"Pannonia Fields","Nickelsdorf, Burgenland, Austria",2075
"Nova Rock Festival 2026",2026-06-11 00:00:00.000,"Pannonia Fields","Nickelsdorf, Burgenland, Austria",2075
"Nova Rock Festival",,"Pannonia Fields","Nickelsdorf, Burgenland, Austria",2074
"Sabaton / Pop Evil / Wings of Steel",2026-02-10 00:00:00.000,"Yuengling Center","Tampa, Florida, United States",2068
"Sabaton / Pop Evil / Wheels Of Steel",2026-02-18 00:00:00.000,"Arizona Financial Theatre","Phoenix, Arizona, United States",2064
"Sabaton / Pop Evil / Wings of Steel",2026-03-04 00:00:00.000,"The Salt Shed","Chicago, Illinois, United States",2055
"Sabaton / The Legendary Orchestra",2025-11-20 00:00:00.000,"Olympiahalle","Munich, Bavaria, Germany",2047
"Sabaton / The Legendary Orchestra",2025-12-01 00:00:00.000,"Ziggo Dome","Amsterdam, North Holland, Netherlands",2039
"Sabaton / The Legendary Orchestra",2025-12-08 00:00:00.000,"ZAG-Arena","Hanover, Lower Saxony, Germany",2034
"Bangers Open Air 2025",2025-05-04 00:00:00.000,"Memorial da América Latina","São Paulo, São Paulo, Brazil",2030
"Bangers Open Air 2025",2025-05-02 00:00:00.000,"Memorial da América Latina","São Paulo, São Paulo, Brazil",2030
"Bangers Open Air 2025",2025-05-04 00:00:00.000,"SÃO PAULO SP BR","Memorial da América latina",2029
"Bangers Open Air 2025",2025-05-03 00:00:00.000,"SÃO PAULO SP BR","Memorial da América latina",2029
"Bangers Open Air 2025",2025-05-04 00:00:00.000,"Memorial da América Latina","São Paulo, São Paulo, Brazil",2028
"Bangers Open Air 2025",2025-05-03 00:00:00.000,"Memorial da América Latina","São Paulo, São Paulo, Brazil",2028
"Bangers Open Air 2025",2025-05-04 00:00:00.000,"Memorial da América Latina","São Paulo, São Paulo, Brazil",2027
"Bangers Open Air 2025",2025-05-03 00:00:00.000,"Memorial da América Latina","São Paulo, São Paulo, Brazil",2027
"Sabaton / Lörihen / InnerForce",2025-05-06 00:00:00.000,"El Teatro Flores","Buenos Aires, Buenos Aires F.D., Argentina",2025
"Sabaton / Carcass / Paradise Lost / Nile / Voivod / Kerry King",2025-05-11 00:00:00.000,"Movistar Arena","Santiago, Santiago Metropolitan, Chile",2023
"Sabaton / Paradise Lost",2025-05-13 00:00:00.000,"Pepper's Club","San José, San José, Costa Rica",2022
"Sabaton / Burning Witches",2025-05-15 00:00:00.000,"MARTE, Museo de Arte de El Salvador","San Salvador, El Salvador",2021
"Sabaton / Ne Obliviscaris / Heathen / Burning Witches",2025-05-17 00:00:00.000,"Concha Acústica Del Parque Agua Azul","Guadalajara, Jalisco, Mexico",2020
"Sweden Rock Festival 2025",2025-06-07 00:00:00.000,"","Norje, Blekinge, Sweden",2019
"Sweden Rock Festival 2025",2025-06-04 00:00:00.000,"","Norje, Blekinge, Sweden",2019
"Sweden Rock Festival 2025",2025-06-07 00:00:00.000,"Sweden Rock Festival Grounds","Sölvesborg, Blekinge, Sweden",2018
"Sweden Rock Festival 2025",2025-06-04 00:00:00.000,"Sweden Rock Festival Grounds","Sölvesborg, Blekinge, Sweden",2018
"Sweden Rock Festival",2025-06-07 00:00:00.000,"Sweden Rock Festival Grounds","Solvesborg, Sweden",2017
"Sweden Rock Festival 2025 - Day 4",2025-06-07 00:00:00.000,"Norje Festival Grounds","Norje, Blekinge, Sweden",2016
"Sabaton / Papaplatte / Dilara / Masha",2025-08-21 00:00:00.000,"Messehalle","Cologne, North Rhine-Westphalia, Germany",2015
"Sabaton / Amaranthe",2025-09-03 00:00:00.000,"Hindley Street Music Hall","Adelaide, South Australia, Australia",2013
"Sabaton / Aramanthe",2025-09-05 00:00:00.000,"Margaret Court Arena","Melbourne, Victoria, Australia",2012
"Sabaton / Amaranthe",2025-09-05 00:00:00.000,"Margaret Court Arena","Melbourne, Victoria, Australia",2011
"Sabaton / Amaranthe",2025-09-07 00:00:00.000,"Fortitude Music Hall","Brisbane, Queensland, Australia",2009
"Sabaton / Lordi / BABYMETAL",2023-05-05 00:00:00.000,"Mercedes-Benz Arena","Berlin, Berlin, Germany",1955
"Sabaton / BABYMETAL / Lordi",2023-05-06 00:00:00.000,"Quarterback Immobilien Arena","Leipzig, Saxony, Germany",1954
"Sabaton / Lordi / BABYMETAL",2023-05-07 00:00:00.000,"Halle D, Wiener Stadthalle","Vienna, Vienna, Austria",1953
"Sabaton / Lordi / BABYMETAL",2023-05-07 00:00:00.000,"Wiener Stadthalle - Halle D","Vienna, Vienna, Austria",1952
"Sabaton / BABYMETAL / Lordi",2023-05-09 00:00:00.000,"Atlas Arena","Lodz, Łódź Voivodeship, Poland",1951
"Sabaton / BABYMETAL / Lordi",2023-05-10 00:00:00.000,"Ostravar Arena","Ostrava, Moravskoslezský, Czechia",1950
"Sabaton / Lordi / BABYMETAL",2023-05-12 00:00:00.000,"Lanxess Arena","Cologne, North Rhine-Westphalia, Germany",1949
"Sabaton / BABYMETAL / Lordi",2023-05-13 00:00:00.000,"Sportpaleis Antwerpen (Antwerp Sports Palace)","Antwerp, Flanders, Belgium",1948
"Sabaton / BABYMETAL / Lordi",2023-05-15 00:00:00.000,"Olympiahalle","Munich, Bavaria, Germany",1947
"Sabaton / BABYMETAL / Lordi",2023-05-18 00:00:00.000,"Unibet Arena","Tallinn, Estonia",1946
"Sabaton / Lordi / BABYMETAL",2023-05-19 00:00:00.000,"Helsinki Ice Arena","Helsinki, Uusimaa, Finland",1944
"Greenfield Festival 2023 @ Flugplatz Interlaken",2023-06-10 00:00:00.000,"Flugplatz Interlaken","Interlaken, Switzerland",1942
"Greenfield Festival 2023 @ Flugplatz Interlaken",2023-06-08 00:00:00.000,"Flugplatz Interlaken","Interlaken, Switzerland",1942
"Greenfield Festival 2023",2023-06-10 00:00:00.000,"Flugplatz Interlaken","Interlaken, Bern, Switzerland",1941
"Greenfield Festival 2023",2023-06-08 00:00:00.000,"Flugplatz Interlaken","Interlaken, Bern, Switzerland",1941
"Greenfield Festival",2023-06-10 00:00:00.000,"Flugplatz Interlaken","Interlaken, Bern, Switzerland",1940
"Greenfield Festival",2023-06-08 00:00:00.000,"Flugplatz Interlaken","Interlaken, Bern, Switzerland",1940
"Sabaton / Hulkoff",2023-02-18 00:00:00.000,"Motala Lokverkstad","Motala, Sweden",1928
"Sabaton / Hulkoff",2023-02-25 00:00:00.000,"Sparbanken Skåne Arena","Lund, Skåne, Sweden",1923
"Sabaton / Lordi / BABYMETAL",2023-04-14 00:00:00.000,"First Direct Arena","Leeds, England, United Kingdom",1922
"Sabaton / BABYMETAL / Lordi",2023-04-15 00:00:00.000,"OVO Arena Wembley","London, England, United Kingdom",1921
"Sabaton / BABYMETAL / Lordi",2023-04-16 00:00:00.000,"Cardiff International Arena","Cardiff, Wales, United Kingdom",1920
"Sabaton / BABYMETAL / Lordi",2023-04-18 00:00:00.000,"OVO Hydro","Glasgow, Scotland, United Kingdom",1919
"Sabaton / BABYMETAL / Lordi",2023-04-21 00:00:00.000,"Zénith Paris - La Villette","Paris, Île-de-France, France",1917
"Sabaton / Baby Metal / Lordi",2023-04-22 00:00:00.000,"Zénith Paris - La Villette","Paris, Île-de-France, France",1915
"Sabaton / BABYMETAL / Lordi",2023-04-22 00:00:00.000,"Festhalle Messe Frankfurt","Frankfurt am Main, Hesse, Germany",1914
"Sabaton / BABYMETAL / Lordi",2023-04-24 00:00:00.000,"Barclays Arena","Hamburg, Hamburg, Germany",1913
"Sabaton / Lordi / BABYMETAL",2023-04-25 00:00:00.000,"Rockhal","Esch-sur-Alzette, Esch-sur-Alzette, Luxembourg",1912
"Sabaton / BABYMETAL / Lordi",2023-04-28 00:00:00.000,"Avicii Arena","Stockholm, Stockholm, Sweden",1910
"Sabaton / BABYMETAL / Lordi",2023-04-29 00:00:00.000,"Oslo Spektrum","Oslo, Oslo, Norway",1909
"Sabaton / Lordi / BABYMETAL",2023-04-30 00:00:00.000,"Royal Arena","Copenhagen, Capital Region, Denmark",1908
"Sabaton / BABYMETAL / Lordi",2023-05-02 00:00:00.000,"ZAG-Arena","Hanover, Lower Saxony, Germany",1907
"Sabaton / Lordi / BABYMETAL",2023-05-03 00:00:00.000,"Ziggo Dome","Amsterdam, North Holland, Netherlands",1906
"Sabaton / Epica",2022-10-23 00:00:00.000,"Hammerstein Ballroom, Manhattan Center","New York, New York, United States",1905
"Good things 2022",2022-12-02 00:00:00.000,"Melbourne Showgrounds","Melbourne, Victoria, Australia",1904
"Good things 2022",2022-12-02 00:00:00.000,"Flemington Racecourse","Melbourne, Victoria, Australia",1903
"Good things 2022",2022-12-02 00:00:00.000,"Flemington Racecourse","Melbourne, Victoria, Australia",1902
"Good Things Festival 2022",2022-12-02 00:00:00.000,"Flemington Racecourse","Melbourne, Victoria, Australia",1901
"Good Things Festival Sydney 2022",2022-12-03 00:00:00.000,"Centennial Park","Sydney, New South Wales, Australia",1900
"Good Things Festival 2022",2022-12-03 00:00:00.000,"Centennial Park","Randwick, NSW, Australia",1899
"Good things 2022",2022-12-03 00:00:00.000,"Centennial Park","Sydney, New South Wales, Australia",1898
"Good Things Festival",2022-12-03 00:00:00.000,"Centennial Parklands","Sydney, New South Wales, Australia",1897
"Good Things Festival 2022",2022-12-03 00:00:00.000,"Centennial Park","Sydney, New South Wales, Australia",1896
"Good Things | Sydney 2022",2022-12-03 00:00:00.000,"Centennial Park","Sydney, New South Wales, Australia",1895
"Good things 2022",2022-12-04 00:00:00.000,"Brisbane Showgrounds","Fortitude Valley, QLD, Australia",1894
"Good things 2022",2022-12-04 00:00:00.000,"Brisbane Showgrounds","Bowen Hills, Queensland, Australia",1893
"Good Things Festival 2022",2022-12-04 00:00:00.000,"RNA Showgrounds","Brisbane, Queensland, Australia",1892
"Good Things Festival 2022",2022-12-04 00:00:00.000,"Brisbane Showgrounds","Bowen Hills, Queensland, Australia",1891
"Good Things | Brisbane 2022",2022-12-04 00:00:00.000,"Brisbane Showgrounds","Bowen Hills, Queensland, Australia",1890
"Sabaton Cruise",2022-12-15 00:00:00.000,"Tallink Silja Line- Baltic Princess","Turku, Finland",1889
"Sabaton Cruise",2022-12-14 00:00:00.000,"Tallink Silja Line- Baltic Princess","Turku, Finland",1889
"Sabaton / Hulkoff",2023-02-04 00:00:00.000,"Lindesbergs Arena","Lindesberg, Sweden",1882
"Sabaton / Hulkoff",2023-02-09 00:00:00.000,"Rosvalla","Nyköping, Sweden",1879
"Sabaton / Epica",2022-09-21 00:00:00.000,"Fox Theater","Oakland, California, United States",1872
"Sabaton / Epica",2022-09-23 00:00:00.000,"Hollywood Palladium","Los Angeles, California, United States",1871
"Sabaton / Epica",2022-09-24 00:00:00.000,"Arizona Financial Theatre","Phoenix, Arizona, United States",1870
"Sabaton / Epica",2022-09-24 00:00:00.000,"Arizona Federal Theatre","Phoenix, Arizona, United States",1869
"Sabaton / Epica",2022-09-25 00:00:00.000,"Brooklyn Bowl, The LINQ Promenade","Las Vegas, Nevada, United States",1868
"Sabaton / Epica",2022-09-27 00:00:00.000,"The Complex","Salt Lake City, Utah, United States",1867
"Sabaton / Epica",2022-09-28 00:00:00.000,"Fillmore Auditorium","Denver, Colorado, United States",1866
"Sabaton / Epica",2022-09-30 00:00:00.000,"South Side Ballroom","Dallas, Texas, United States",1865
"Sabaton / Epica",2022-10-01 00:00:00.000,"Bayou Music Center","Houston, Texas, United States",1864
"Sabaton / Epica",2022-10-04 00:00:00.000,"Tabernacle","Atlanta, Georgia, United States",1862
"Sabaton / Epica",2022-10-06 00:00:00.000,"The Fillmore Silver Spring","Silver Spring, Maryland, United States",1861
"Sabaton / Epica",2022-10-08 00:00:00.000,"Andrew J. Brady Music Center","Cincinnati, Ohio, United States",1860
"Sabaton / Epica",2022-10-10 00:00:00.000,"The Fillmore Detroit","Detroit, Michigan, United States",1859
"Sabaton / Epica",2022-10-11 00:00:00.000,"GLC Live at 20 Monroe","Grand Rapids, Michigan, United States",1858
"Sabaton / Epica",2022-10-13 00:00:00.000,"The Fillmore Minneapolis","Minneapolis, Minnesota, United States",1857
"Sabaton / Epica",2022-10-15 00:00:00.000,"Byline Bank Aragon Ballroom","Chicago, Illinois, United States",1856
"Sabaton / Epica",2022-10-17 00:00:00.000,"Stage AE","Pittsburgh, Pennsylvania, United States",1855
"Sabaton / Epica",2022-10-18 00:00:00.000,"The Fillmore Philadelphia","Philadelphia, Pennsylvania, United States",1854
"Sabaton / Epica",2022-10-21 00:00:00.000,"MGM Music Hall at Fenway","Boston, Massachusetts, United States",1853
"Sabaton / Epica",2022-10-22 00:00:00.000,"Place Bell","Laval, Quebec, Canada",1852
"Resurrection Fest",2022-07-01 00:00:00.000,"Resurrection Fest Grounds","Viveiro, Galicia, Spain",1851
"Deadly Apples / The Raven Age / Me And That Man / Epica / Rise against / Sabaton",2022-07-02 00:00:00.000,"Estádio Nacional do jamor","Lisbon, Lisbon, Portugal",1850
"Hills Of Rock Festival 2022",2022-07-21 00:00:00.000,"Plovdiv Rowing Canal","Plovdiv, Plovdiv, Bulgaria",1848
"Hills Of Rock Festival 2022",2022-07-23 00:00:00.000,"Plovdiv Rowing Canal","Plovdiv, Plovdiv, Bulgaria",1848
"Sabaton / Blind Guardian / Epica / Enemy of Reality / The Silent Rage",2022-07-21 00:00:00.000,"Πλατεία Νερού","Αθήνα, Ελλάδα",1847
"Sabaton / Blind Guardian / Silent Rose / Enemy of Reality / Epica.",2022-07-21 00:00:00.000,"Water Plaza","Kallithea, Attica, Greece",1846
"Sabaton / Blind Guardian / Epica / Enemy of Reality",2022-07-21 00:00:00.000,"Plateía Neroú (Πλατεία Νερού)","Kallithea, Attica, Greece",1845
"Sabaton / Dynazty",2022-07-25 00:00:00.000,"Arenele Romane","Bucharest, Bucureşti, Romania",1843
"Sabaton Open Air Festival 2022",2022-08-06 00:00:00.000,"Lugnet","Falun, Dalarna, Sweden",1842
"Sabaton Open Air Festival 2022",2022-08-03 00:00:00.000,"Lugnet","Falun, Dalarna, Sweden",1842
"Sabaton Open Air 2022",2022-08-06 00:00:00.000,"Sabaton Open Air","Falun, Dalarna, Sweden",1841
"Sabaton Open Air 2022",2022-08-03 00:00:00.000,"Sabaton Open Air","Falun, Dalarna, Sweden",1841
"JAILBREAK 2022",2022-08-13 00:00:00.000,"Fængslet Horsens","Horsens, Central Jutland, Denmark",1839
"Sabaton / Nocny Kochanek / Avatar",2022-08-23 00:00:00.000,"Tauron Arena Kraków","Kraków, Lesser Poland, Poland",1836
"Sabaton / Avatar / Bloodbound",2022-08-25 00:00:00.000,"O2 Arena Prague","Prague, Hlavní město Praha, Czechia",1834
"Helloween / Sabaton / Beast in Black / Moonlight Haze",2022-08-27 00:00:00.000,"Ippodromo di San Siro","Milan, Lombardy, Italy",1833
"Sabaton / Helloween / Phil Campbell and the Bastard Sons / Silver Dust",2022-08-28 00:00:00.000,"Riverside Open Air","Aarburg, Switzerland",1832
"Sabaton / Epica",2022-09-15 00:00:00.000,"Paramount Theatre","Seattle, Washington, United States",1831
"Sabaton / Epica",2022-09-16 00:00:00.000,"Roseland Theater","Portland, Oregon, United States",1830
"Sabaton / Epica",2022-09-17 00:00:00.000,"Roseland Theater","Portland, Oregon, United States",1829
"Sabaton / Epica",2022-09-19 00:00:00.000,"Revolution Concert House & Event Center","Garden City, Idaho, United States",1828
"Sabaton / Hulkoff",2022-05-15 00:00:00.000,"Sporthallen Östersund","Östersund, Sweden",1817
"Hellfest ‘22",2022-06-26 00:00:00.000,"Val de Moine Sport Complex","Clisson, Pays de la Loire, France",1808
"Hellfest ‘22",2022-06-17 00:00:00.000,"Val de Moine Sport Complex","Clisson, Pays de la Loire, France",1808
"Graspop Metal Meeting 2022",2022-06-19 00:00:00.000,"","Graspop Metal Meeting 2022",1807
"Hellfest 2022 Weekend 2",2022-06-26 00:00:00.000,"Val de Moine Sport Complex","Clisson, Pays de la Loire, France",1803
"Hellfest 2022 Weekend 2",2022-06-23 00:00:00.000,"Val de Moine Sport Complex","Clisson, Pays de la Loire, France",1803
"Hellfest 2022 Part II",2022-06-26 00:00:00.000,"Val de Moine Sport Complex","Clisson, Pays de la Loire, France",1802
"Hellfest 2022 Part II",2022-06-23 00:00:00.000,"Val de Moine Sport Complex","Clisson, Pays de la Loire, France",1802
"Hellfest Extended 2022",2022-06-23 00:00:00.000,"Val de Moine Sport Complex","Clisson, Pays de la Loire, France",1801
"Hellfest Extended 2022",2022-06-26 00:00:00.000,"Val de Moine Sport Complex","Clisson, Pays de la Loire, France",1801
"Hellfest 2022 - Weekend 2",2022-06-26 00:00:00.000,"Val de Moine Sport Complex","Clisson, Pays de la Loire, France",1800
"Hellfest 2022 - Weekend 2",2022-06-23 00:00:00.000,"Val de Moine Sport Complex","Clisson, Pays de la Loire, France",1800
"Hellfest 2022. Part 2. 23-26/7",2022-06-23 00:00:00.000,"Hellfest Open Air 2022. Part 2","Clisson, Pays de la Loire, France",1799
"Download Germany 2022",2022-06-24 00:00:00.000,"Hockenheimring","Hockenheim, Baden-Württemberg, Germany",1798
"Tagada Jones / Ugly Kid Joe / Bring Me The Horizon / Metallica / Sabaton",2022-06-26 00:00:00.000,"Val de Moine Sport Complex","Clisson, Pays de la Loire, France",1797
"Resurrection Fest 2022",2022-07-03 00:00:00.000,"Campo de Fútbol Celeiro","Viveiro, Galicia, Spain",1796
"Resurrection Fest 2022",2022-06-29 00:00:00.000,"Campo de Fútbol Celeiro","Viveiro, Galicia, Spain",1796
"Five Finger Death Punch / Sabaton",2022-06-29 00:00:00.000,"Allmend","Frauenfeld, Thurgau, Switzerland",1795
"Five Finger Death Punch / Sabaton / Eluveitie / FEVER 333 / chaoseum",2022-06-29 00:00:00.000,"Openair Frauenfeld","Frauenfeld, Thurgau, Switzerland",1793
"""Frauenfeld Rocks"" / Metallica / Sabaton / Five Finger Death Punch",2022-06-29 00:00:00.000,"Grosse Allmend Frauenfeld","Frauenfeld, Thurgau, Switzerland",1792
"VOA Heavy Rock Festival",2022-07-02 00:00:00.000,"National Stadium","Lisbon, Lisbon, Portugal",1791
"VOA Heavy Rock Festival",2022-06-30 00:00:00.000,"National Stadium","Lisbon, Lisbon, Portugal",1791
"VOA heavy Rock Festival 2022",2022-07-02 00:00:00.000,"Estádio Nacional","Algés, Lisbon, Portugal",1790
"VOA heavy Rock Festival 2022",2022-06-30 00:00:00.000,"Estádio Nacional","Algés, Lisbon, Portugal",1790
"VOA Heavy Rock Festival",2022-06-30 00:00:00.000,"Estádio Nacional","Lisbon, Lisbon, Portugal",1789
"VOA Heavy Rock Festival",2022-07-02 00:00:00.000,"Estádio Nacional","Lisbon, Lisbon, Portugal",1789
"Sabaton / The Hu / Lordi",2022-04-02 00:00:00.000,"Tui Arena","Hanover, Lower Saxony, Germany",1788
"Sabaton / Hulkoff",2022-04-12 00:00:00.000,"Garden, Konsert & Kongress","Linköping, Östergötland, Sweden",1783
"Sabaton / Hulkoff",2022-04-19 00:00:00.000,"KalmarSalen","Kalmar, Sweden",1777
"Sabaton / Hulkoff",2022-04-25 00:00:00.000,"Halmstad Live","Halmstad, Sweden",1773
"Sabaton / Hulkoff",2022-04-28 00:00:00.000,"Stora Salen, Kulturens Hus","Luleå, Sweden",1771
"Sabaton / Hulkoff",2022-01-31 00:00:00.000,"Sundspärlan","Helsingborg, Skåne, Sweden",1768
"Sabaton / Hulkoff",2022-02-01 00:00:00.000,"Slagthuset","Malmo, Skåne, Sweden",1767
"Sabaton / Hulkoff",2022-02-02 00:00:00.000,"Södra Kasern","Kristianstad, Sweden",1766
"Sabaton / Hulkoff",2022-02-04 00:00:00.000,"Bellevueparken","Karlshamn, Sweden",1765
"Sabaton / Hulkoff",2022-02-05 00:00:00.000,"Valhall, Skövde Kulturhus","Skövde, Västra Götaland, Sweden",1764
"Sabaton / Hulkoff",2022-02-06 00:00:00.000,"Apollon, Folkets Hus Kulturhuset","Trollhättan, Sweden",1763
"Sabaton / Hulkoff",2022-02-07 00:00:00.000,"Gummifabriken","Värnamo, Sweden",1762
"Sabaton / Hulkoff",2022-02-09 00:00:00.000,"Klubb Ron","Ronneby, Sweden",1761
"Sabaton / Hulkoff",2022-02-10 00:00:00.000,"Flygeln","Norrköping, Östergötland, Sweden",1760
"Sabaton / Hulkoff",2022-02-11 00:00:00.000,"Quality Hotel Galaxen","Borlänge, Sweden",1759
"Sabaton / Hulkoff",2022-02-12 00:00:00.000,"Magasinet Falun","Falun, Dalarna, Sweden",1758
"Sabaton / The Hu / Lordi",2022-03-04 00:00:00.000,"Oslo Spektrum","Oslo, Oslo, Norway",1757
"Sabaton / The Hu / Lordi",2022-03-08 00:00:00.000,"Barclays Arena","Hamburg, Hamburg, Germany",1755
"Sabaton / Lordi / The Hu",2022-03-18 00:00:00.000,"OVO Arena Wembley","London, England, United Kingdom",1753
"Sabaton / The Hu / Lordi",2022-03-19 00:00:00.000,"First Direct Arena","Leeds, England, United Kingdom",1752
"Sabaton / The Hu / Lordi",2022-03-20 00:00:00.000,"Motorpoint Arena Cardiff","Cardiff, Wales, United Kingdom",1751
"Sabaton / The Hu / Lordi",2022-03-25 00:00:00.000,"Ziggo Dome","Amsterdam, North Holland, Netherlands",1749
"Good things 2022",2021-12-02 00:00:00.000,"Flemington Racecourse","Melbourne, Victoria, Australia",1746
"Sabaton / Hulkoff",2022-01-07 00:00:00.000,"Nöjesfabriken","Karlstad, Värmland, Sweden",1744
"Sabaton / Hulkoff",2022-01-08 00:00:00.000,"Conventum Kongress","Örebro, Örebro, Sweden",1743
"Sabaton / Hulkoff",2022-01-10 00:00:00.000,"Halmstad Live","Halmstad, Sweden",1742
"Sabaton / Hulkoff",2022-01-11 00:00:00.000,"Råda Rum","Mölndal, Sweden",1741
"Sabaton / Hulkoff",2022-01-12 00:00:00.000,"KalmarSalen","Kalmar, Sweden",1740
"Sabaton / Hulkoff",2022-01-14 00:00:00.000,"Sara Kulturhus","Skellefteå, Sweden",1739
"Sabaton / Hulkoff",2022-01-15 00:00:00.000,"Pite Havsbad","Piteå, Sweden",1738
"Sabaton / Hulkoff",2022-01-18 00:00:00.000,"Folkets Park","Huskvarna, Sweden",1737
"Sabaton / Hulkoff",2022-01-21 00:00:00.000,"Aveny","Sundsvall, Sweden",1736
"Sabaton / Hulkoff",2022-01-22 00:00:00.000,"Umeå Folkets Hus","Umeå, Sweden",1735
"Sabaton / Hulkoff",2022-01-23 00:00:00.000,"Folkets Hus","Östersund, Sweden",1734
"Sabaton / Hulkoff",2022-01-24 00:00:00.000,"Gasklockorna","Gävle, Gävleborg, Sweden",1733
"Sabaton / Hulkoff",2022-01-26 00:00:00.000,"Uppsala Konsert & Kongress","Uppsala, Uppsala, Sweden",1732
"Sabaton / Hulkoff",2022-01-27 00:00:00.000,"Lokomotivet","Eskilstuna, Södermanland, Sweden",1731
"Sabaton / Hulkoff",2022-01-28 00:00:00.000,"Åhaga","Borås, Sweden",1730
"Sabaton / Hulkoff",2022-01-29 00:00:00.000,"Älmhults Handelsplats","Älmhult, Sweden",1729
"DJ Snake / Roni Size & Dynamite MC / Sabaton / Asaf Avidan / Robin Schulz / Paul van Dyk / David Guetta",2021-07-11 00:00:00.000,"EXIT","Novi Sad, Vojvodina, Serbia",1728
"DJ Snake / Roni Size & Dynamite MC / Sabaton / Asaf Avidan / Robin Schulz / Paul van Dyk / David Guetta",2021-07-08 00:00:00.000,"EXIT","Novi Sad, Vojvodina, Serbia",1728
"EXIT Festival",2021-07-11 00:00:00.000,"Petrovaradin Fortress","Novi Sad, Vojvodina, Serbia",1727
"EXIT Festival",2021-07-08 00:00:00.000,"Petrovaradin Fortress","Novi Sad, Vojvodina, Serbia",1727
"""Park Live"" / Sabaton",2021-07-14 00:00:00.000,"Luzhniki Palace Of Sports","Moscow, Russian Federation",1725
"""Release Athens"" / Sabaton",2021-07-17 00:00:00.000,"Plateía Neroú (Πλατεία Νερού)","Kallithea, Attica, Greece",1724
"Rock Castle Open Air Festival (Day 2 of 3)",2021-08-20 00:00:00.000,"Zámecký Areál, Moravský Krumlov","Moravský Krumlov, South Moravian, Czechia",1722
"Blue Ridge Rock Fest 2021",2021-09-12 00:00:00.000,"Blue Ridge Amphitheater","Danville, Virginia, United States",1719
"Blue Ridge Rock Fest 2021",2021-09-09 00:00:00.000,"Blue Ridge Amphitheater","Danville, Virginia, United States",1719
"Blue Ridge Rock Festival",2021-09-09 00:00:00.000,"Blue Ridge Amphitheater","Danville, Virginia, United States",1718
"Judus Priest / Sabaton / Lacuna Coil / Soulfly / Mushroomhead / Uncured",2021-09-11 00:00:00.000,"Orlando Amphitheater, Central Florida Fairgrounds","Orlando, Florida, United States",1717
"Judas Priest / Sabaton / Soul Fly / Tommy Vext / Ill Nino / Uncured / The Convalescence",2021-09-11 00:00:00.000,"Warlando","Orlando, Florida, United States",1716
"Judas Priest / Sabaton / Soulfly / Ill Nino / Tommy Vext / Uncured",2021-09-11 00:00:00.000,"Orlando Amphitheater, Central Florida Fairgrounds","Orlando, Florida, United States",1715
"Louder Than Life 2021",2021-09-26 00:00:00.000,"Kentucky Expo Center","Louisville, Kentucky, United States",1706
"Louder Than Life 2021",2021-09-23 00:00:00.000,"Kentucky Expo Center","Louisville, Kentucky, United States",1706
"Louder Than Life Festival 2021",2021-09-23 00:00:00.000,"Kentucky Exposition Center","Louisville, Kentucky, United States",1705
"Louder Than Life Festival 2021",2021-09-26 00:00:00.000,"Kentucky Exposition Center","Louisville, Kentucky, United States",1705
"Louder Than Life Festival 2021",2021-09-26 00:00:00.000,"Kentucky Exposition Center","Louisville, Kentucky, United States",1704
"Louder Than Life Festival 2021",2021-09-23 00:00:00.000,"Kentucky Exposition Center","Louisville, Kentucky, United States",1704
"Louder Than Life 2021",2021-09-26 00:00:00.000,"Highland Festival Grounds, Kentucky Exposition Center","Louisville, Kentucky, United States",1703
"Louder Than Life 2021",2021-09-23 00:00:00.000,"Highland Festival Grounds, Kentucky Exposition Center","Louisville, Kentucky, United States",1703
"Louder Than Life Festival 2021",2021-09-26 00:00:00.000,"Kentucky Exposition Center","Louisville, Kentucky, United States",1702
"Louder Than Life Festival 2021",2021-09-23 00:00:00.000,"Kentucky Exposition Center","Louisville, Kentucky, United States",1702
"Louder Than Life Festival 2021",2021-09-26 00:00:00.000,"Highland Festival Grounds, Kentucky Exposition Center","Louisville, Kentucky, United States",1701
"Louder Than Life Festival 2021",2021-09-23 00:00:00.000,"Highland Festival Grounds, Kentucky Exposition Center","Louisville, Kentucky, United States",1701
"Metallica / Judas Priest / Sabaton / The Hu / Every Time I Die",2021-09-26 00:00:00.000,"","Louisville, Kentucky, United States",1698
"Louder Than Life",2021-09-26 00:00:00.000,"Kentucky Expo Center","Louisville, Kentucky, United States",1697
"Louder Than Life 2021 Day 3",2021-09-26 00:00:00.000,"Highland Festival Grounds, Kentucky Exposition Center","Louisville, Kentucky, United States",1696
"Sabaton / Amaranthe / Apocalyptica",2020-02-16 00:00:00.000,"Oslo Spektrum","Oslo, Oslo, Norway",1672
"Sabaton / Avatar",2020-03-11 00:00:00.000,"Dkzh","Novosibirsk, Russian Federation",1667
"Sabaton / Avatar",2020-03-13 00:00:00.000,"Stadium Live Club","Moscow, Russian Federation",1666
"Sabaton / Avatar",2020-03-14 00:00:00.000,"A2 green concert","St. Petersburg, Russian Federation",1665
"Sabaton / Apocalyptica / Amaranthe",2020-04-04 00:00:00.000,"Sant Jordi Club","Barcelona, Catalonia",1662
"Battle Beast / Amaranthe / Amorphis / Sabaton / Nightwish",2020-06-05 00:00:00.000,"Rockfest","Tampere, Pirkanmaa, Finland",1661
"Wacken World Wide",2020-08-01 00:00:00.000,"Your Living Room","",1660
"Wacken World Wide",2020-07-29 00:00:00.000,"Your Living Room","",1660
"Sabaton / Apocalyptica / Amaranthe",2020-01-19 00:00:00.000,"Olympiahalle","Munich, Bavaria, Germany",1652
"Amaranthe / Sabaton",2020-01-21 00:00:00.000,"Gasometer Halle","Vienna, Vienna, Austria",1651
"Sabaton / Apocalyptica / Amaranthe",2020-01-21 00:00:00.000,"Raiffeisen Halle Im Gasometer","Vienna, Vienna, Austria",1650
"Sabaton / Apocalyptica",2020-01-22 00:00:00.000,"Arena","Budapest, Budapest, Hungary",1649
"Sabaton / Apocalyptica / Amaranthe",2020-01-24 00:00:00.000,"Central Sports Centre Torwar","Warsaw, Mazovia, Poland",1648
"Sabaton / Apocalyptica / Amaranthe",2020-01-25 00:00:00.000,"Max-Schmeling-Halle","Berlin, Berlin, Germany",1647
"Sabaton / Amaranthe / Apocalyptica",2020-01-26 00:00:00.000,"O2 Arena Prague","Prague, Hlavní město Praha, Czechia",1646
"Sabaton / Apocalyptica / Amaranthe",2020-01-28 00:00:00.000,"Alcatraz","Milan, Lombardy, Italy",1645
"Sabaton / Apocalyptica / Amaranthe",2020-01-30 00:00:00.000,"Arena Leipzig","Leipzig, Saxony, Germany",1644
"Sabaton / Apocalyptica / Amaranthe",2020-01-31 00:00:00.000,"Festhalle Messe Frankfurt","Frankfurt am Main, Hesse, Germany",1643
"Sabaton / Apocalyptica / Amaranthe",2020-02-01 00:00:00.000,"König Pilsener Arena","Oberhausen, North Rhine-Westphalia, Germany",1642
"Sabaton / Apocalyptica / Amaranthe",2020-02-02 00:00:00.000,"Sportpaleis Antwerpen (Antwerp Sports Palace)","Antwerp, Flanders, Belgium",1641
"Amaranthe / Sabaton",2020-02-04 00:00:00.000,"Palau Sant Jordi","Barcelona, Catalonia, Spain",1640
"Amaranthe / Apocalyptica / Sabaton",2020-02-07 00:00:00.000,"Zénith Paris - La Villette","Paris, Île-de-France, France",1637
"Sabaton / Apocalyptica / Amaranthe",2020-02-08 00:00:00.000,"SSE Arena Wembley","London, England, United Kingdom",1636
"Sabaton / Apocalyptica / Amaranthe / Another Now",2020-02-09 00:00:00.000,"AFAS Live","Amsterdam, North Holland, Netherlands",1635
"Sabaton / Apocalyptica / Amaranthe",2020-02-11 00:00:00.000,"Alsterdorfer Sporthalle","Hamburg, Hamburg, Germany",1634
"Sabaton / Apocalyptica / Amaranthe",2020-02-12 00:00:00.000,"Forum Black Box","Frederiksberg, Capital Region, Denmark",1633
"Sabaton / Apocalyptica",2020-02-14 00:00:00.000,"Scandinavium","Gothenburg, Västra Götaland, Sweden",1632
"Sabaton / Apocalyptica / Amaranthe",2020-02-15 00:00:00.000,"Hovet","Stockholm, Stockholm, Sweden",1631
"Sabaton / Hammerfall",2019-10-16 00:00:00.000,"Vogue Theatre","Vancouver, British Columbia, Canada",1630
"Sabaton / Hammerfall",2019-10-18 00:00:00.000,"Union Hall","Edmonton, Alberta, Canada",1629
"Sabaton / Hammerfall",2019-10-19 00:00:00.000,"Palace Theatre","Calgary, Alberta, Canada",1628
"Sabaton / Hammerfall",2019-10-21 00:00:00.000,"The Complex (The Grand)","Salt Lake City, Utah, United States",1627
"Sabaton / Hammerfall",2019-10-23 00:00:00.000,"Ogden Theatre","Denver, Colorado, United States",1626
"Sabaton / Hammerfall",2019-10-26 00:00:00.000,"The Vic","Chicago, Illinois, United States",1624
"Sabaton / Hammerfall",2019-10-26 00:00:00.000,"The Vic Theatre","Chicago, Illinois, United States",1623
"Sabaton / Hammerfall",2019-10-27 00:00:00.000,"The Agora","Cleveland, Ohio, United States",1622
"Sabaton / Hammerfall",2019-10-29 00:00:00.000,"The Danforth Music Hall","Toronto, Ontario, Canada",1621
"Sabaton / Hammerfall",2019-10-30 00:00:00.000,"MTELUS","Montreal, Quebec, Canada",1620
"Sabaton / Hammerfall",2019-11-01 00:00:00.000,"The Worcester Palladium","Worcester, Massachusetts, United States",1619
"Sabaton / Hammerfall",2019-11-02 00:00:00.000,"PlayStation Theater","New York, New York, United States",1618
"Sabaton / Hammerfall",2019-11-02 00:00:00.000,"Palladium Times Square","New York, New York, United States",1617
"Sabaton / Hammerfall",2019-11-03 00:00:00.000,"The Fillmore Silver Spring","Silver Spring, Maryland, United States",1616
"Sabaton / Hammerfall",2019-11-04 00:00:00.000,"The Fillmore Silver Spring","Silver Spring, Maryland, United States",1615
"Sabaton / Amaranthe / Apocalyptica",2019-11-23 00:00:00.000,"Hartwall Arena","Helsinki, Uusimaa, Finland",1614
"Dream Theater / Sabaton / Killswitch Engage / Rhapsody / Reckonin Hour",2019-12-07 00:00:00.000,"Arena Anhembi","São Paulo, São Paulo, Brazil",1610
"Sabaton / Apocalyptica / Amaranthe",2020-01-17 00:00:00.000,"Hallenstadion Zürich","Zurich, Zurich, Switzerland",1609
"Sabaton / Apocalyptica / Amaranthe",2020-01-18 00:00:00.000,"Hanns-Martin-Schleyer-Halle","Stuttgart, Baden-Württemberg, Germany",1608
"Wacken Open Air 2019",2019-08-03 00:00:00.000,"Hauptstrasse","Wacken, Schleswig-Holstein, Germany",1604
"Wacken Open Air 2019",2019-07-31 00:00:00.000,"Hauptstrasse","Wacken, Schleswig-Holstein, Germany",1604
"Wacken Open Air 2019",2019-08-03 00:00:00.000,"Wacken Open Air","Wacken, Schleswig-Holstein, Germany",1603
"Wacken Open Air 2019",2019-07-31 00:00:00.000,"Wacken Open Air","Wacken, Schleswig-Holstein, Germany",1603
"Wacken Festival 2019",2019-07-31 00:00:00.000,"Wacken Open Air","Wacken, Schleswig-Holstein, Germany",1602
"Wacken Festival 2019",2019-08-03 00:00:00.000,"Wacken Open Air","Wacken, Schleswig-Holstein, Germany",1602
"Wacken Open Air 2019",2019-08-03 00:00:00.000,"Wacken Open Air","Wacken, Schleswig-Holstein, Germany",1601
"Wacken Open Air 2019",2019-07-31 00:00:00.000,"Wacken Open Air","Wacken, Schleswig-Holstein, Germany",1601
"Wacken Open Air",2019-08-03 00:00:00.000,"Wacken Open Air","Wacken, Schleswig-Holstein, Germany",1600
"Wacken Open Air",2019-08-01 00:00:00.000,"Wacken Open Air","Wacken, Schleswig-Holstein, Germany",1600
"Wacken 2019",2019-08-03 00:00:00.000,"Wacken Festival Grounds","Wacken, Schleswig-Holstein, Germany",1599
"Wacken 2019",2019-08-01 00:00:00.000,"Wacken Festival Grounds","Wacken, Schleswig-Holstein, Germany",1599
"Wacken Open Air xXx",2019-08-03 00:00:00.000,"Wacken Open Air","Wacken, Schleswig-Holstein, Germany",1598
"Wacken Open Air xXx",2019-08-01 00:00:00.000,"Wacken Open Air","Wacken, Schleswig-Holstein, Germany",1598
"Wacken Open Air 2019",2019-08-03 00:00:00.000,"Wacken Grounds","Wacken, Schleswig-Holstein, Germany",1597
"Wacken Open Air 2019",2019-08-01 00:00:00.000,"Wacken Grounds","Wacken, Schleswig-Holstein, Germany",1597
"Wacken Open Air 2019",2019-08-03 00:00:00.000,"Wacken Open Air","Wacken, Schleswig-Holstein, Germany",1596
"Wacken Open Air 2019",2019-08-01 00:00:00.000,"Wacken Open Air","Wacken, Schleswig-Holstein, Germany",1596
"Bloodstock 2019",2019-08-11 00:00:00.000,"Catton Hall Park","Walton-on-Trent, England, United Kingdom",1594
"Bloodstock 2019",2019-08-08 00:00:00.000,"Catton Hall Park","Walton-on-Trent, England, United Kingdom",1594
"Bloodstock Festival 2019",2019-08-08 00:00:00.000,"Catton Hall","Catton Park, Walton on Trent, Derbyshire, UK",1593
"Bloodstock Festival 2019",2019-08-11 00:00:00.000,"Catton Hall","Catton Park, Walton on Trent, Derbyshire, UK",1593
"Bloodstock 2019",2019-08-11 00:00:00.000,"Catton Hall","Derbyshire, United Kingdom",1592
"Bloodstock 2019",2019-08-08 00:00:00.000,"Catton Hall","Derbyshire, United Kingdom",1592
"Bloodstock Open Air Festival 2019",2019-08-11 00:00:00.000,"Catton Park","Walton-on-Trent, England, United Kingdom",1591
"Bloodstock Open Air Festival 2019",2019-08-08 00:00:00.000,"Catton Park","Walton-on-Trent, England, United Kingdom",1591
"Bloodstock Open Air 2019",2019-08-11 00:00:00.000,"Catton Park","Walton-on-Trent, England, United Kingdom",1590
"Bloodstock Open Air 2019",2019-08-08 00:00:00.000,"Catton Park","Walton-on-Trent, England, United Kingdom",1590
"Bloodstock Open Air 2019",2019-08-11 00:00:00.000,"Catton Hall","Walton-on-Trent, England, United Kingdom",1589
"Bloodstock Open Air 2019",2019-08-08 00:00:00.000,"Catton Hall","Walton-on-Trent, England, United Kingdom",1589
"Bloodstock Festival",2019-08-11 00:00:00.000,"Bloodstock Open Air","Catton Park, Walton on Trent, Derbyshire, UK",1588
"Bloodstock Festival",2019-08-09 00:00:00.000,"Bloodstock Open Air","Catton Park, Walton on Trent, Derbyshire, UK",1588
"Bloodstock Open Air Festival 2019",2019-08-11 00:00:00.000,"Catton Hall","Walton-on-Trent, England, United Kingdom",1587
"Bloodstock Open Air Festival 2019",2019-08-09 00:00:00.000,"Catton Hall","Walton-on-Trent, England, United Kingdom",1587
"Grand Magus / Sabaton / Powerwolf / Marw / Beggar",2019-08-09 00:00:00.000,"Catton Park","Walton-on-Trent, England, United Kingdom",1586
"Reload Festival",2019-08-22 00:00:00.000,"","",1582
"Reload Festival",2019-08-23 00:00:00.000,"","",1582
"Reload Festival 2019",2019-08-24 00:00:00.000,"Festivalgelände ""Im Langen Lande""","Sulingen, Lower Saxony, Germany",1581
"Reload Festival 2019",2019-08-22 00:00:00.000,"Festivalgelände ""Im Langen Lande""","Sulingen, Lower Saxony, Germany",1581
"Reload-Festival 2019",2019-08-25 00:00:00.000,"Reload Festival","Sulingen, Lower Saxony, Germany",1580
"Reload-Festival 2019",2019-08-22 00:00:00.000,"Reload Festival","Sulingen, Lower Saxony, Germany",1580
"Sabaton / Hammerfall",2019-10-04 00:00:00.000,"Revolution Live","Fort Lauderdale, Florida, United States",1578
"Sabaton / Hammerfall",2019-10-05 00:00:00.000,"Jannus Live","St. Petersburg, Florida, United States",1577
"Sabaton / Hammerfall",2019-10-06 00:00:00.000,"Center Stage Theater","Atlanta, Georgia, United States",1576
"Sabaton / Hammerfall",2019-10-08 00:00:00.000,"House of Blues","Dallas, Texas, United States",1575
"Sabaton / Hammerfall",2019-10-10 00:00:00.000,"The Van Buren","Phoenix, Arizona, United States",1574
"Sabaton / Hammerfall",2019-10-12 00:00:00.000,"The Regency Ballroom","San Francisco, California, United States",1572
"Sabaton / Stereolab / Hammerfall",2019-10-15 00:00:00.000,"Showbox SoDo","Seattle, Washington, United States",1570
"Rock im Park 2019",2019-06-07 00:00:00.000,"Zeppelinfeld","Nuremberg, Bavaria, Germany",1565
"Rock im Park 2019",2019-06-09 00:00:00.000,"Zeppelinfeld","Nuremberg, Bavaria, Germany",1565
"Rock im Park 2019",2019-06-07 00:00:00.000,"Zeppelinfeld","Nuremberg, Bavaria, Germany",1564
"Rock im Park 2019",2019-06-09 00:00:00.000,"Zeppelinfeld","Nuremberg, Bavaria, Germany",1564
"Rock am Ring 2019",2019-06-07 00:00:00.000,"Nürburgring","Nürburg, Rheinland-Pfalz, Germany",1563
"Rock am Ring 2019",2019-06-09 00:00:00.000,"Nürburgring","Nürburg, Rheinland-Pfalz, Germany",1563
"Rock am Ring 2019",2019-06-07 00:00:00.000,"Nürburgring","Nürburg, Rheinland-Pfalz, Germany",1562
"Rock am Ring 2019",2019-06-09 00:00:00.000,"Nürburgring","Nürburg, Rheinland-Pfalz, Germany",1562
"Rock am Ring 2019",2019-06-07 00:00:00.000,"Nürburgring","Nürburg, Rheinland-Pfalz, Germany",1561
"Rock am Ring 2019",2019-06-09 00:00:00.000,"Nürburgring","Nürburg, Rheinland-Pfalz, Germany",1561
"Rock im Park 2019",2019-06-09 00:00:00.000,"Zeppelinfeld","Nuremberg, Bavaria, Germany",1560
"Rock im Park 2019",2019-06-07 00:00:00.000,"Zeppelinfeld","Nuremberg, Bavaria, Germany",1560
"Rock im Park 2019",2019-06-07 00:00:00.000,"Rock Im Park","Nuremberg, Bavaria, Germany",1559
"Rock Im Park 2019 Friday",2019-06-07 00:00:00.000,"Zeppelinfeld","Nuremberg, Bavaria, Germany",1558
"Rock am Ring 2019",2019-06-07 00:00:00.000,"Nürburgring","Nürburg, Rheinland-Pfalz, Germany",1557
"Sabaton / Slayer",2019-06-08 00:00:00.000,"Nürburgring","Nürburg, Rheinland-Pfalz, Germany",1556
"Nova Rock Festival 2019",2019-06-16 00:00:00.000,"Nova Rock Festival 2019","Nickelsdorf, Burgenland, Austria",1554
"Nova Rock Festival 2019",2019-06-13 00:00:00.000,"Nova Rock Festival 2019","Nickelsdorf, Burgenland, Austria",1554
"Nova Rock 2019",2019-06-16 00:00:00.000,"Pannonia Fields","Österreich",1553
"Nova Rock 2019",2019-06-13 00:00:00.000,"Pannonia Fields","Österreich",1553
"Greenfield Festival",2019-06-15 00:00:00.000,"Flugplatz Interlaken","Interlaken, Bern, Switzerland",1552
"Greenfield Festival",2019-06-13 00:00:00.000,"Flugplatz Interlaken","Interlaken, Bern, Switzerland",1552
"Nova Rock Festival 2019",2019-06-13 00:00:00.000,"Pannonia Fields II","Nickelsdorf, Burgenland, Austria",1551
"Nova Rock Festival 2019",2019-06-16 00:00:00.000,"Pannonia Fields II","Nickelsdorf, Burgenland, Austria",1551
"Nova Rock 2019",2019-06-16 00:00:00.000,"Pannonia Fields II","Nickelsdorf, Burgenland, Austria",1550
"Nova Rock 2019",2019-06-13 00:00:00.000,"Pannonia Fields II","Nickelsdorf, Burgenland, Austria",1550
"SLIPKNOT / Sabaton / Sum 41 / Palaye Royale / As It Is",2019-06-13 00:00:00.000,"Pannonia Fields","Nickelsdorf, Burgenland, Austria",1549
"Greenfield Festival 2019",2019-06-15 00:00:00.000,"Greenfield Festival 2019","Interlaken, Switzerland",1548
"Greenfield Festival 2019",2019-06-14 00:00:00.000,"Greenfield Festival 2019","Interlaken, Switzerland",1548
"Cellar Darling / Eluveitie / Sabaton",2019-06-15 00:00:00.000,"Flugplatz Interlaken","Interlaken, Bern, Switzerland",1547
"Knotfest France ‘19",2019-06-20 00:00:00.000,"Knotfest France 2019","Clisson, Pays de la Loire, France",1540
"Knotfest France 2019",2019-06-20 00:00:00.000,"","Clisson, Pays de la Loire, France",1539
"Knotfest France 2019",2019-06-20 00:00:00.000,"Val de Moine Sport Complex","Clisson, Pays de la Loire, France",1538
"Hellfest 2019",2019-06-21 00:00:00.000,"Val de Moine Sport Complex","Clisson, Pays de la Loire, France",1532
"Hellfest 2019",2019-06-23 00:00:00.000,"Val de Moine Sport Complex","Clisson, Pays de la Loire, France",1532
"Mystic Festival 2019",2019-06-26 00:00:00.000,"","Kraków, Lesser Poland, Poland",1525
"Mystic Festival 2019",2019-06-25 00:00:00.000,"","Kraków, Lesser Poland, Poland",1525
"Immolation / Grand Magus / Carcass / Hatebreed / Municipal Waste / Sabaton",2019-06-26 00:00:00.000,"Mystic Festival","Kraków, Lesser Poland, Poland",1524
"Mystic Festival",2019-06-26 00:00:00.000,"Tauron Arena Kraków","Kraków, Lesser Poland, Poland",1523
"Download Festival Madrid 2019",2019-06-30 00:00:00.000,"Caja Mágica","Madrid, Madrid, Spain",1522
"Download Festival Madrid 2019",2019-06-28 00:00:00.000,"Caja Mágica","Madrid, Madrid, Spain",1522
"Download Festival Madrid 2019",2019-06-30 00:00:00.000,"Caja Mágica","Madrid, Madrid, Spain",1521
"Download Festival Madrid 2019",2019-06-28 00:00:00.000,"Caja Mágica","Madrid, Madrid, Spain",1521
"Download Festival 2018",2018-03-24 00:00:00.000,"Flemington Racecourse","Melbourne, Victoria, Australia",1514
"Download Festival",2018-03-24 00:00:00.000,"Flemington Racecourse","Melbourne, Victoria, Australia",1513
"Download Festival 2018",2018-03-24 00:00:00.000,"Flemington Racecourse","Melbourne, Victoria, Australia",1512
"Amon Amarth / Sabaton",2018-03-25 00:00:00.000,"Roundhouse, University of New South Wales","Sydney, New South Wales, Australia",1511
"Sabaton / Amon Amarth",2018-03-29 00:00:00.000,"Ex Theater","Tokyo, Tokyo, Japan",1509
"Sabaton / Amon Amarth",2018-03-31 00:00:00.000,"Imp Hall","Osaka, Ōsaka, Japan",1508
"Sabaton / Amon Amarth",2018-04-02 00:00:00.000,"Zepp Tokyo","Tokyo, Tokyo, Japan",1507
"Hell & Heaven",2018-05-05 00:00:00.000,"Autódromo Hermanos Rodríguez","Mexico City, Mexico City, Mexico",1506
"Hell & Heaven",2018-05-04 00:00:00.000,"Autódromo Hermanos Rodríguez","Mexico City, Mexico City, Mexico",1506
"Hell and Heaven 2018",2018-05-05 00:00:00.000,"Autódromo Hermanos Rodríguez","Mexico City, Mexico City, Mexico",1505
"Hell and Heaven 2018",2018-05-04 00:00:00.000,"Autódromo Hermanos Rodríguez","Mexico City, Mexico City, Mexico",1505
"Corona Hell & Heaven",2018-05-05 00:00:00.000,"Autódromo Hermanos Rodríguez","Mexico City, Mexico City, Mexico",1504
"Corona Hell & Heaven",2018-05-04 00:00:00.000,"Autódromo Hermanos Rodríguez","Mexico City, Mexico City, Mexico",1504
"Hell & Heaven 2018",2018-05-04 00:00:00.000,"Autódromo Hermanos Rodríguez","Mexico City, Mexico City, Mexico",1503
"Hell & Heaven 2018",2018-05-05 00:00:00.000,"Autódromo Hermanos Rodríguez","Mexico City, Mexico City, Mexico",1503
"Corona Hell & Heaven 2018",2018-05-05 00:00:00.000,"Corona Hell & Heaven 2018","Mexico City, Mexico City, Mexico",1502
"Corona Hell & Heaven 2018",2018-05-04 00:00:00.000,"Corona Hell & Heaven 2018","Mexico City, Mexico City, Mexico",1502
"Hell & Heaven 2018",2018-05-05 00:00:00.000,"Autódromo Hermanos Rodríguez","Mexico City, Mexico City, Mexico",1501
"Hell & Heaven 2018",2018-05-04 00:00:00.000,"Autódromo Hermanos Rodríguez","Mexico City, Mexico City, Mexico",1501
"Corona Hell & Heaven 2018 (Day 1 of 2)",2018-05-04 00:00:00.000,"Autódromo Hermanos Rodríguez","Mexico City, Mexico City, Mexico",1500
"Sabaton / Skindred / Iron Maiden",2018-06-09 00:00:00.000,"Volbeat @ TRONDHEIM ROCKS 2018","Trondheim, Trøndelag, Norway",1499
"Sabaton / Skindred / Iron Maiden",2018-06-02 00:00:00.000,"Volbeat @ TRONDHEIM ROCKS 2018","Trondheim, Trøndelag, Norway",1499
"TRONDHEIM ROCKS 2018",2018-06-03 00:00:00.000,"Dahls Arena","Trondheim, Trøndelag, Norway",1498
"TRONDHEIM ROCKS 2018",2018-06-02 00:00:00.000,"Dahls Arena","Trondheim, Trøndelag, Norway",1498
"Trondheim Rock Festival",2018-06-03 00:00:00.000,"Dahls Arena","Trondheim, Trøndelag, Norway",1497
"Iron Maiden / Sabaton / Gojira",2018-07-14 00:00:00.000,"Estadio Cívitas Metropolitano","Madrid, Madrid, Spain",1496
"Saxon / Sabaton / Judas Priest  / Accept",2018-07-19 00:00:00.000,"TerraVibe Park","Malakasa, Greece",1495
"Rockwave Festival 2018",2018-07-19 00:00:00.000,"Terra Vibe Park","Malakasa, Greece",1494
"Hills of Rock 2018 (day 1)",2018-07-20 00:00:00.000,"Rowing Canal","Plovdiv, Plovdiv, Bulgaria",1493
"Sabaton Open Air!",2018-08-18 00:00:00.000,"Lugnet","Falun, Dalarna, Sweden",1490
"BABYMETAL / Sabaton",2018-10-28 00:00:00.000,"Saitama Super Arena (さいたまスーパーアリーナ)","Saitama, Saitama, Japan",1489
"BABYMETAL / Sabaton",2018-10-30 00:00:00.000,"Kobe World Memorial Hall / 神戸ワールド記念ホール","Kobe, Japan",1488
"BABYMETAL / Sabaton",2018-10-31 00:00:00.000,"Kobe World Memorial Hall / 神戸ワールド記念ホール","Kobe, Japan",1487
"Sabaton / Kreator / Cyhra",2018-02-17 00:00:00.000,"Palace Theatre","Calgary, Alberta, Canada",1485
"Sabaton / Kreator / Cyhra",2018-02-19 00:00:00.000,"Revolution Concert House & Event Center","Garden City, Idaho, United States",1484
"Sabaton / Kreator 2018 / Exmortus 2018",2018-02-20 00:00:00.000,"The UC Theatre","Berkeley, California, United States",1483
"Sabaton / Kreator / Kreator 2018",2018-02-21 00:00:00.000,"Gothic Theatre","Englewood, Colorado, United States",1482
"Sabaton / Kreator / Cyhra",2018-02-22 00:00:00.000,"The Truman","Kansas City, Missouri, United States",1481
"Sabaton / Kreator / Kreator 2018 / Cyhra 2018",2018-02-23 00:00:00.000,"Music Hall","Minneapolis, Minnesota, United States",1480
"Sabaton / Kreator / Cyhra",2018-02-23 00:00:00.000,"Minneapolis Music Hall","Minneapolis, Minnesota, United States",1479
"Sabaton / Cyhra / Kreator",2018-02-24 00:00:00.000,"The Orpheum Theatre","Madison, Wisconsin, United States",1478
"Sabaton / Kreator / Cyhra",2018-02-26 00:00:00.000,"GLC Live at 20 Monroe","Grand Rapids, Michigan, United States",1477
"Sabaton / Kreator / Cyhra",2018-02-27 00:00:00.000,"House of Blues Chicago","Chicago, Illinois, United States",1476
"Sabaton / Kreator / Cyhra",2018-03-01 00:00:00.000,"The Phoenix Concert Theatre","Toronto, Ontario, Canada",1475
"Sabaton / Kreator / Cyhra",2018-03-02 00:00:00.000,"MTELUS","Montreal, Quebec, Canada",1474
"Kreator / Sabaton / Cyhra",2018-03-03 00:00:00.000,"House of Blues Boston","Boston, Massachusetts, United States",1473
"Sabaton / Kreator",2018-03-04 00:00:00.000,"The Paramount in Concert With Northwell","Huntington, New York, United States",1472
"Sabaton / Kreator",2018-03-06 00:00:00.000,"The Fillmore Philadelphia","Philadelphia, Pennsylvania, United States",1471
"Kreator / Sabaton / Cyhra",2018-03-07 00:00:00.000,"The Fillmore Silver Spring","Silver Spring, Maryland, United States",1470
"Cyhra / Sabaton / Kreator",2018-03-08 00:00:00.000,"The Ritz Raleigh","Raleigh, North Carolina, United States",1469
"Sabaton / Kreator / Cyhra",2018-03-09 00:00:00.000,"The Buckhead Theatre","Atlanta, Georgia, United States",1468
"Sabaton / Kreator / Cyhra",2018-03-10 00:00:00.000,"Jannus Live","St. Petersburg, Florida, United States",1467
"Sabaton / Cyhra / Kreator",2018-03-11 00:00:00.000,"The Buckhead Theatre","Atlanta, Georgia, United States",1466
"Loud Park 2017",2017-10-15 00:00:00.000,"Saitama Super Arena (さいたまスーパーアリーナ)","Saitama, Saitama, Japan",1461
"Loud Park 2017",2017-10-14 00:00:00.000,"Saitama Super Arena (さいたまスーパーアリーナ)","Saitama, Saitama, Japan",1461
"Sabaton / Black Star Riders / Cradle of Filth / Meshuggah",2017-10-15 00:00:00.000,"Loud Park Festival","Tokyo, Tokyo, Japan",1460
"Loud Park Festival",2017-10-15 00:00:00.000,"Saitama Super Arena (さいたまスーパーアリーナ)","Saitama, Saitama, Japan",1459
"Sabaton / Kreator 2018 / Cyhra 2018",2018-01-04 00:00:00.000,"The Paramount in Concert With Northwell","Huntington, New York, United States",1456
"SABATON CARIBBEAN 70 000 TONS OF METAL 2018",2018-02-01 00:00:00.000,"","Fort Lauderdale, Florida, United States",1455
"SABATON CARIBBEAN 70 000 TONS OF METAL 2018",2018-02-02 00:00:00.000,"","Fort Lauderdale, Florida, United States",1455
"70000 Tons of Metal 2018",2018-02-01 00:00:00.000,"Port Everglades - Fort Lauderdale","Fort Lauderdale, Florida, United States",1454
"70000 Tons of Metal 2018",2018-02-05 00:00:00.000,"Port Everglades - Fort Lauderdale","Fort Lauderdale, Florida, United States",1454
"70000 Tons of Metal",2018-02-01 00:00:00.000,"Royal Caribbean's Independence of the Seas®","OCEAN",1453
"70000 Tons of Metal",2018-02-04 00:00:00.000,"Royal Caribbean's Independence of the Seas®","OCEAN",1453
"70000 Tons of Metal 2018",2018-02-01 00:00:00.000,"Port Everglades - Fort Lauderdale","Fort Lauderdale, Florida, United States",1452
"70000 Tons of Metal 2018",2018-02-05 00:00:00.000,"Port Everglades - Fort Lauderdale","Fort Lauderdale, Florida, United States",1452
"70000Tons Of Metal",2018-02-02 00:00:00.000,"Royal Caribbean's Independence of the Seas®","OCEAN",1451
"70000Tons Of Metal",2018-02-03 00:00:00.000,"Royal Caribbean's Independence of the Seas®","OCEAN",1450
"70000Tons Of Metal",2018-02-04 00:00:00.000,"Royal Caribbean's Independence of the Seas®","OCEAN",1449
"70000Tons Of Metal",2018-02-05 00:00:00.000,"Royal Caribbean's Independence of the Seas®","OCEAN",1448
"Sabaton / Kreator",2018-02-08 00:00:00.000,"The Van Buren","Phoenix, Arizona, United States",1447
"Sabaton / Cyhra / Kreator",2018-02-09 00:00:00.000,"The Wiltern","Los Angeles, California, United States",1446
"Sabaton / Kreator / Exmortus",2018-02-10 00:00:00.000,"The UC Theatre","Berkeley, California, United States",1445
"Sabaton / Kreator / Kreator 2018 / Exmortus 2018 / Cyhra",2018-02-12 00:00:00.000,"Wonder Ballroom","Portland, Oregon, United States",1444
"Sabaton / Kreator 2018 / Exmortus 2018",2018-02-13 00:00:00.000,"Showbox at the Market","Seattle, Washington, United States",1443
"Sabaton / Kreator / Cyhra",2018-02-13 00:00:00.000,"The Showbox","Seattle, Washington, United States",1442
"Sabaton / Kreator / Cyhra",2018-02-14 00:00:00.000,"Vogue Theatre","Vancouver, British Columbia, Canada",1441
"Sabaton / Kreator / Cyhra",2018-02-16 00:00:00.000,"Union Hall","Edmonton, Alberta, Canada",1440
"Hellfest 2017",2017-06-18 00:00:00.000,"Val de Moine Sport Complex","Clisson, Pays de la Loire, France",1435
"Hellfest 2017",2017-06-16 00:00:00.000,"Val de Moine Sport Complex","Clisson, Pays de la Loire, France",1435
"Hellfest 2017",2017-06-16 00:00:00.000,"Val de Moine Sport Complex","Clisson, Pays de la Loire, France",1434
"Hellfest 2017",2017-06-18 00:00:00.000,"Val de Moine Sport Complex","Clisson, Pays de la Loire, France",1434
"Hellfest 2017",2017-06-16 00:00:00.000,"Val de Moine Sport Complex","Clisson, Pays de la Loire, France",1433
"Epica / Rancid / Hatebreed / Green Day  / Sabaton",2017-06-17 00:00:00.000,"Pannonia Fields II","Nickelsdorf, Burgenland, Austria",1432
"Tons Of Rock 2017",2017-06-22 00:00:00.000,"Fredriksten Festning","Halden, Norway",1429
"Tons Of Rock 2017",2017-06-24 00:00:00.000,"Fredriksten Festning","Halden, Norway",1429
"Tons Of Rock 2017",2017-06-22 00:00:00.000,"Fredriksten Festning","Halden, Norway",1428
"Tons Of Rock 2017",2017-06-24 00:00:00.000,"Fredriksten Festning","Halden, Norway",1428
"Tons Of Rock",2017-06-24 00:00:00.000,"Fredriksten Festning","Halden, Norway",1427
"Bråvalla 2017",2017-06-28 00:00:00.000,"","",1426
"Bråvalla 2017",2017-07-01 00:00:00.000,"","",1426
"Provinssi",2017-07-01 00:00:00.000,"Törnävänsaari","Seinäjoki, Finland",1424
"Provinssi",2017-06-29 00:00:00.000,"Törnävänsaari","Seinäjoki, Finland",1424
"Battle Beast / Sabaton",2017-06-29 00:00:00.000,"Törnävänsaari","Seinäjoki, Finland",1423
"Provinssi",2017-06-29 00:00:00.000,"Tornava Festival Park","Seinajoki, Finland",1422
"Tuska Open Air 2017",2017-07-02 00:00:00.000,"Suvilahti","Helsinki, Uusimaa, Finland",1421
"Tuska Open Air 2017",2017-06-30 00:00:00.000,"Suvilahti","Helsinki, Uusimaa, Finland",1421
"Insomnium / Brother Firetribe / Brujeria / Sabaton / Wintersun",2017-06-30 00:00:00.000,"Tuska Open Air","Helsinki, Uusimaa, Finland",1420
"Resurrection Fest 2017",2017-07-08 00:00:00.000,"Campo de Fútbol Celeiro","Ferrol, Spain",1419
"Resurrection Fest 2017",2017-07-05 00:00:00.000,"Campo de Fútbol Celeiro","Ferrol, Spain",1419
"Resurrection Fest",2017-07-08 00:00:00.000,"Resurrection Fest Grounds","Viveiro, Galicia, Spain",1418
"Masters Of Rock Festival",2017-07-13 00:00:00.000,"R. Jelinek Distillery","Vizovice, Zlín, Czechia",1417
"Rock The King",2017-07-29 00:00:00.000,"bigBOX Allgäu","Kempten, Germany",1415
"Leyendas del Rock",2017-08-12 00:00:00.000,"Polideportivo Municipal","Villena, Alicante",1413
"Leyendas del Rock",2017-08-09 00:00:00.000,"Polideportivo Municipal","Villena, Alicante",1413
"Leyendas del Rock",2017-08-12 00:00:00.000,"Polideportivo Municipal","Villena, Spain",1412
"""Sabaton Open Air!"" / Sabaton / British Lion / Evergrey / Avatar / Eternal",2017-08-19 00:00:00.000,"Lugnet","Falun, Dalarna, Sweden",1411
"Sabaton / Leaves' Eyes / Battle Beast",2017-05-01 00:00:00.000,"Concord Music Hall","Chicago, Illinois, United States",1407
"Sabaton / Leaves' Eyes / Battle Beast",2017-05-02 00:00:00.000,"The Cabooze","Minneapolis, Minnesota, United States",1406
"Sabaton / Leaves' Eyes / Battle Beast",2017-05-03 00:00:00.000,"Park Theatre","Winnipeg, Manitoba, Canada",1405
"Sabaton / Leaves' Eyes / Battle Beast",2017-05-05 00:00:00.000,"Union Hall","Edmonton, Alberta, Canada",1404
"Sabaton / Battle Beast / Leaves' Eyes",2017-05-06 00:00:00.000,"Palace Theatre","Calgary, Alberta, Canada",1403
"Sabaton / Battle Beast / Leaves Eye / Unleash the Archers",2017-05-07 00:00:00.000,"Vogue Theatre","Vancouver, British Columbia, Canada",1402
"Sabaton / Leaves' Eyes / Battle Beast",2017-05-08 00:00:00.000,"El Corazon","Seattle, Washington, United States",1401
"Sabaton / Leaves' Eyes / Battle Beast",2017-05-10 00:00:00.000,"The Regency Ballroom","San Francisco, California, United States",1400
"Sabaton / Leaves' Eyes / Battle Beast",2017-05-11 00:00:00.000,"City National Grove of Anaheim","Anaheim, California, United States",1399
"Sabaton / Leaves' Eyes / Battle Beast",2017-05-12 00:00:00.000,"Marquee Theatre","Tempe, Arizona, United States",1398
"Sabaton / Battle Beast / Leaves' Eyes",2017-05-14 00:00:00.000,"Gothic Theatre","Englewood, Colorado, United States",1397
"Sabaton / Leaves' Eyes / Battle Beast",2017-05-16 00:00:00.000,"Trees","Dallas, Texas, United States",1396
"Sabaton / Leaves' Eyes / Battle Beast",2017-05-17 00:00:00.000,"Alamo City Music Hall","San Antonio, Texas, United States",1395
"Sabaton / Leaves' Eyes / Battle Beast",2017-05-18 00:00:00.000,"Scout Bar","Houston, Texas, United States",1394
"Sabaton / Battle Beast / Leaves Eyes",2017-05-20 00:00:00.000,"The Orpheum","Ybor City, Florida, United States",1393
"Sabaton / Leaves' Eyes / Battle Beast",2017-05-20 00:00:00.000,"The Orpheum","Tampa, Florida, United States",1392
"Sabaton / Leaves' Eyes / Battle Beast",2017-05-21 00:00:00.000,"The Underground, The Fillmore Charlotte, AvidXchange Music Factory","Charlotte, North Carolina, United States",1391
"Sabaton / Leaves' Eyes / Battle Beast",2017-05-22 00:00:00.000,"The Fillmore Silver Spring","Silver Spring, Maryland, United States",1390
"Download Festival 2017",2017-06-11 00:00:00.000,"Donington Park","Castle Donington, England, United Kingdom",1389
"Download Festival 2017",2017-06-09 00:00:00.000,"Donington Park","Castle Donington, England, United Kingdom",1389
"Download 2017 Day 1",2017-06-09 00:00:00.000,"Donington Park","Leicester, England, United Kingdom",1388
"Download Festival (UK)",2017-06-09 00:00:00.000,"Donington Park","Castle Donington, England, United Kingdom",1387
"Nova Rock Festival 2017",2017-06-17 00:00:00.000,"Pannonia Fields","Nickelsdorf, Burgenland, Austria",1386
"Nova Rock Festival 2017",2017-06-14 00:00:00.000,"Pannonia Fields","Nickelsdorf, Burgenland, Austria",1386
"Nova Rock Festival 2017",2017-06-17 00:00:00.000,"Pannonia Fields","Nickelsdorf, Burgenland, Austria",1385
"Nova Rock Festival 2017",2017-06-14 00:00:00.000,"Pannonia Fields","Nickelsdorf, Burgenland, Austria",1385
"Sabaton / Accept / Twilight Force",2017-03-22 00:00:00.000,"Sparbanken Skåne Arena","Lund, Skåne, Sweden",1380
"Sabaton / Twilight Force / Accept",2017-03-24 00:00:00.000,"Hovet","Stockholm, Stockholm, Sweden",1379
"Twilight Force / Sabaton / Accept",2017-03-25 00:00:00.000,"Frolundaborg","Gothenburg, Västra Götaland, Sweden",1377
"Sabaton / Accept / Twilight Force",2017-03-26 00:00:00.000,"Sentrum Scene","Oslo, Oslo, Norway",1376
"Twilight Force / Sabaton / Accept",2017-03-27 00:00:00.000,"ByScenen","Haugesund, Norway",1375
"Twilight Force / Sabaton / Accept",2017-03-29 00:00:00.000,"Samfundet Storsalen","Trondheim, Trøndelag, Norway",1373
"Twilight Force / Sabaton / Accept",2017-04-01 00:00:00.000,"Coop Norrbotten Arena","Luleå, Sweden",1371
"Sabaton / Leaves’ Eyes / Battle Beast",2017-04-21 00:00:00.000,"Palladium Times Square","New York, New York, United States",1369
"New England Metal and Hardcore Festival XIX",2017-04-22 00:00:00.000,"The Worcester Palladium","Worcester, Massachusetts, United States",1368
"New England Metal / Sabaton / Katatonia / Hammerfall / Amorphis / Caspian / Delain / Swallow the Sun / Battle Beast / Twilight Force / Circuit of Suns / Leaves' Eyes / Angel Vivaldi / pathogenic / Begat the Nephilim / Within The Abyss / Affiance /...",2017-04-22 00:00:00.000,"New England Metal & Hardcore Festival","Worcester, Massachusetts, United States",1367
"Sabaton / Battle Beast / Leaves' Eyes",2017-04-25 00:00:00.000,"Club Soda","Montreal, Quebec, Canada",1365
"Sabaton / Leaves' Eyes / Battle Beast",2017-04-26 00:00:00.000,"Imperial De Quebec","Québec, Quebec, Canada",1364
"Sabaton / Hammerfall",2017-04-27 00:00:00.000,"The Opera House","Toronto, Ontario, Canada",1363
"Sabaton / Battlebeast / Leaves' Eyes",2017-04-28 00:00:00.000,"The Agora","Cleveland, Ohio, United States",1362
"Sabaton / Leaves' Eyes / Battle Beast",2017-04-30 00:00:00.000,"Diamond Pub Concert Hall","Louisville, Kentucky, United States",1361
"Sabaton / Accept / Twilight Force",2017-02-05 00:00:00.000,"Zenith, MOTORWORLD München","Munich, Bavaria, Germany",1358
"Twilight Force / Sabaton / Accept",2017-02-24 00:00:00.000,"Helsinki Ice Hall / Helsingin Jäähalli","Helsinki, Uusimaa, Finland",1356
"Sabaton / Accept / Twilight Force",2017-02-25 00:00:00.000,"Kultuurikatel","Tallinn, Estonia",1355
"Twilight Force / Sabaton / Accept",2017-02-27 00:00:00.000,"Ergo Arena","Gdańsk, Pomerania, Poland",1354
"Sabaton / Accept",2017-02-28 00:00:00.000,"Hala Stulecia","Wroclaw, Lower Silesia, Poland",1353
"Twilight Force / Sabaton / Accept",2017-02-28 00:00:00.000,"Hala Stulecia","Wroclaw, Lower Silesia, Poland",1352
"Twilight Force / Sabaton / Accept",2017-03-01 00:00:00.000,"Central Sports Centre Torwar","Warsaw, Mazovia, Poland",1351
"Sabaton / Accept",2017-03-03 00:00:00.000,"Hala Wisla","Kraków, Lesser Poland, Poland",1350
"Sabaton / Accept / Twilight Force",2017-03-05 00:00:00.000,"Hungexpo","Budapest, Budapest, Hungary",1348
"Twilight Force / Sabaton / Accept",2017-03-06 00:00:00.000,"Belexpocentar Beograd","Belgrade, Central Serbia, Serbia",1346
"Twilight Force / Sabaton / Accept",2017-03-08 00:00:00.000,"Peiraios Academy","Athens, Attica, Greece",1344
"Sabaton / Accept / Twilight Force",2017-03-09 00:00:00.000,"Fix Factory Of Sound","Thessaloníki, Greece",1342
"Twilight Force / Sabaton / Accept",2017-03-10 00:00:00.000,"Universiada Hall","Sofia, Sofia-Capital, Bulgaria",1341
"Twilight Force / Sabaton / Accept",2017-03-11 00:00:00.000,"Arenele Romane","Bucharest, Bucureşti, Romania",1340
"Twilight Force / Sabaton / Accept",2017-03-13 00:00:00.000,"Dom Športova","Zagreb, City of Zagreb, Croatia",1338
"Sabaton / Accept / Twilight Force",2017-03-14 00:00:00.000,"AEGON aréna NTC","Bratislava, Bratislava, Slovak Republic",1336
"Sabaton / Accept / Twilight Force",2017-03-15 00:00:00.000,"UFO im Velodrom","Berlin, Berlin, Germany",1335
"Sabaton / Accept",2017-01-07 00:00:00.000,"Rudolf Weber-Arena","Oberhausen, North Rhine-Westphalia, Germany",1333
"Sabaton / Accept",2017-01-08 00:00:00.000,"Lotto Arena","Antwerp, Flanders, Belgium",1332
"Sabaton / Accept / Twilight Force",2017-01-10 00:00:00.000,"Vicar Street","Dublin, Leinster, Ireland",1331
"Sabaton / Accept / Twilight Force",2017-01-11 00:00:00.000,"O2 Academy Glasgow","Glasgow, Scotland, United Kingdom",1330
"Sabaton / Accept / Twilight Force",2017-01-13 00:00:00.000,"O2 Apollo Manchester","Manchester, England, United Kingdom",1329
"Sabaton / Accept / Twilight Force",2017-01-14 00:00:00.000,"O2 Academy Brixton","London, England, United Kingdom",1328
"Sabaton / Accept / Twilight Force",2017-01-15 00:00:00.000,"L'Aéronef","Lille, Hauts-de-France, France",1327
"Sabaton / Accept",2017-01-16 00:00:00.000,"L'Olympia","Paris, Île-de-France, France",1326
"Sabaton / Accept / Twilight Force",2017-01-18 00:00:00.000,"Le Bikini","Ramonville-Saint-Agne, Occitanie, France",1325
"Sabaton / Accept / Twiligh Force",2017-01-20 00:00:00.000,"Coliseu do Porto","Porto, Porto, Portugal",1323
"Sabaton / Accept",2017-01-21 00:00:00.000,"WiZink Center","Madrid, Madrid, Spain",1322
"Accept / Sabaton",2017-01-24 00:00:00.000,"Transbordeur","Villeurbanne, Auvergne-Rhône-Alpes, France",1320
"Sabaton / Accept",2017-01-24 00:00:00.000,"Transbordeur","Lyon, Auvergne-Rhône-Alpes, France",1319
"Twilight Force / Sabaton / Accept",2017-01-25 00:00:00.000,"Live Club","Milan, Lombardy, Italy",1318
"Sabaton / Accept",2017-01-27 00:00:00.000,"Gasometer Halle","Vienna, Vienna, Austria",1317
"Twilight Force / Accept / Sabaton",2017-01-29 00:00:00.000,"AFAS Live","Amsterdam, North Holland, Netherlands",1315
"Sabaton / Accept",2017-01-31 00:00:00.000,"myticket Jahrhunderthalle","Frankfurt am Main, Hesse, Germany",1313
"Sabaton / Ni Voz Ni Voto / Mauser / Nova Genesis",2016-11-09 00:00:00.000,"Discoteca Mango's","Lima, Lima, Peru",1309
"Northside rock park meeting fest 2016",2016-11-12 00:00:00.000,"Parque Fundidora","Monterrey, Nuevo León, Mexico",1307
"Northside rock park meeting fest 2016",2016-11-12 00:00:00.000,"Parque Fundidora","Monterrey, Nuevo León, Mexico",1306
"P.O.D. / Sabaton / Sepultura",2016-11-13 00:00:00.000,"Concha Acustica Parque Agua Azul","Guadalajara, Jalisco, Mexico",1305
"""Sabaton Cruise"" / Sabaton",2016-12-12 00:00:00.000,"Silja Cruise Lines - Galaxy","Stockholm, Stockholm, Sweden",1296
"""Sabaton Cruise"" / Sabaton",2016-12-13 00:00:00.000,"Silja Cruise Lines - Galaxy","Stockholm, Stockholm, Sweden",1295
"""Sabaton Cruise"" / Sabaton",2016-12-14 00:00:00.000,"Silja Cruise Lines - Galaxy","Stockholm, Stockholm, Sweden",1294
"Sabaton / Accept / Twilight Force",2017-01-06 00:00:00.000,"Sporthalle Hamburg","Hamburg, Hamburg, Germany",1291
"Sabaton / Accept / Twilight Force",2017-01-06 00:00:00.000,"Alsterdorfer Sporthalle","Hamburg, Hamburg, Germany",1290
"Trivium / Sabaton",2016-10-06 00:00:00.000,"Gas Monkey Live","Dallas, Texas, United States",1289
"Trivium / Sabaton",2016-10-06 00:00:00.000,"Gas Monkey Bar N Grill","Dallas, Texas, United States",1288
"Trivium / Sabaton / Huntress",2016-10-06 00:00:00.000,"Gas Monkey Bar N' Grill","Dallas, Texas, United States",1287
"Trivium / Sabaton / Huntress",2016-10-07 00:00:00.000,"Scout Bar","Houston, Texas, United States",1286
"Trivium / Sabaton / Huntress",2016-10-08 00:00:00.000,"Cain's Ballroom","Tulsa, Oklahoma, United States",1285
"Trivium / Sabaton",2016-10-10 00:00:00.000,"Stage AE","Pittsburgh, Pennsylvania, United States",1284
"Trivium / Sabaton / Huntress",2016-10-11 00:00:00.000,"Irving Plaza","New York, New York, United States",1283
"Trivium / Sabaton / Huntress",2016-10-11 00:00:00.000,"Irving Plaza","",1282
"Trivium / Sabaton / Huntress",2016-10-13 00:00:00.000,"The Chance Entertainment Complex","Poughkeepsie, New York, United States",1281
"Trivium / Sabaton / Dope / Huntress / My Enemies & I / Flaw",2016-10-16 00:00:00.000,"The Worcester Palladium","Worcester, Massachusetts, United States",1280
"Trivium / Sabaton / Dope / Huntress / My Enemies & I / Flaw",2016-10-14 00:00:00.000,"The Worcester Palladium","Worcester, Massachusetts, United States",1280
"Rock&Shock",2016-10-14 00:00:00.000,"The Worcester Palladium","Worcester, Massachusetts, United States",1279
"Rock / Trivium / Carach Angren / Twiztid / Dope / Malevolent Creation / Kataklysm / Demolition Hammer / Sworn In / My Enemies & I / Flaw / Black Trip / Sabaton",2016-10-14 00:00:00.000,"The Worcester Palladium","Worcester, Massachusetts, United States",1278
"Trivium / Sabaton / Huntress",2016-10-15 00:00:00.000,"Magic City Music Hall","Binghamton, New York, United States",1277
"Trivium / Sabaton / Huntress",2016-10-17 00:00:00.000,"Music Farm","Charleston, South Carolina, United States",1276
"Trivium / Sabaton / Huntress",2016-10-18 00:00:00.000,"The Floridian Social Club","St. Petersburg, Florida, United States",1275
"Trivium / Sabaton / Huntress",2016-10-19 00:00:00.000,"Revolution Live","Fort Lauderdale, Florida, United States",1274
"Trivium / Sabaton / Huntress",2016-10-21 00:00:00.000,"House of Blues Orlando","Orlando, Florida, United States",1273
"Trivium / Sabaton / Huntress",2016-10-22 00:00:00.000,"House of Blues Orlando","Orlando, Florida, United States",1272
"""Czad Festiwal"" / Che Sudaka / Alborosie / Sabaton / Royal Republic / Illusion",2016-08-28 00:00:00.000,"Arena Park","Straszecin, Poland",1264
"Trivium / Sabaton",2016-09-15 00:00:00.000,"Newport Music Hall","Columbus, Ohio, United States",1260
"Trivium / Sabaton / Huntress",2016-09-16 00:00:00.000,"Baltimore Soundstage","Baltimore, Maryland, United States",1259
"Devin Townsend Project / Between The Buried And Me / Sabaton / Fallujah",2016-09-17 00:00:00.000,"The Worcester Palladium","Worcester, Massachusetts, United States",1258
"Trivium / Sabaton / Huntress",2016-09-19 00:00:00.000,"Heaven, The Masquerade","Atlanta, Georgia, United States",1257
"Trivium / Sabaton / Huntress",2016-09-20 00:00:00.000,"Metroplex Live","Little Rock, Arkansas, United States",1256
"Devin Townsend Project / Between The Buried And Me / Sabaton / Fallujah",2016-09-21 00:00:00.000,"The Worcester Palladium","Worcester, Massachusetts, United States",1255
"Trivium / Sabaton / Huntress",2016-09-22 00:00:00.000,"Summit","Denver, Colorado, United States",1254
"Trivium / Sabaton / Huntress",2016-09-23 00:00:00.000,"Sunshine Theater","Albuquerque, New Mexico, United States",1253
"Ozzfest Meets Knotfest 2016",2016-09-25 00:00:00.000,"Glen Helen Amphitheater","San Bernardino, California, United States",1252
"Ozzfest Meets Knotfest 2016",2016-09-24 00:00:00.000,"Glen Helen Amphitheater","San Bernardino, California, United States",1252
"Ozzfest meets Knotfest",2016-09-25 00:00:00.000,"San Manuel Amphitheater","San Bernardino, California, United States",1251
"Ozzfest meets Knotfest",2016-09-24 00:00:00.000,"San Manuel Amphitheater","San Bernardino, California, United States",1251
"Sabaton / Soundmankillz / Trivium",2016-09-24 00:00:00.000,"Marquee Theatre","Tempe, Arizona, United States",1250
"Slipknot / Slayer / Megadeth / Amon Amarth / Anthrax / Sabaton",2016-09-25 00:00:00.000,"Glen Helen Amphitheater","San Bernardino, California, United States",1249
"Knotfest 2016",2016-09-25 00:00:00.000,"Glen Helen Amphitheater","San Bernardino, California, United States",1248
"Knotfest",2016-09-25 00:00:00.000,"Glen Helen Amphitheater","San Bernardino, California, United States",1247
"Trivium / Sabaton / Huntress",2016-09-27 00:00:00.000,"The Complex (The Grand)","Salt Lake City, Utah, United States",1246
"Trivium / Sabaton / Huntress",2016-09-29 00:00:00.000,"Sokol Auditorium","Omaha, Nebraska, United States",1245
"Trivium / Sabaton / Huntress",2016-09-30 00:00:00.000,"Mill City Nights","Minneapolis, Minnesota, United States",1244
"Louder Than Life",2016-10-02 00:00:00.000,"Champions Park","Louisville, Kentucky, United States",1243
"Louder Than Life",2016-10-01 00:00:00.000,"Champions Park","Louisville, Kentucky, United States",1243
"Louder Than Life 2016",2016-10-02 00:00:00.000,"Champions Park","Louisville, Kentucky, United States",1242
"Louder Than Life 2016",2016-10-01 00:00:00.000,"Champions Park","Louisville, Kentucky, United States",1242
"Louder than Life 2016 Day 2",2016-10-02 00:00:00.000,"Champions Park","Louisville, Kentucky, United States",1241
"Trivium / Sabaton / Huntress",2016-10-04 00:00:00.000,"Monarch Music Hall","Peoria, Illinois, United States",1240
"Sweden Rock Festival",2016-06-08 00:00:00.000,"Norje Festival Grounds","Norje, Blekinge, Sweden",1239
"Sweden Rock Festival",2016-06-11 00:00:00.000,"Norje Festival Grounds","Norje, Blekinge, Sweden",1239
"Sweden Rock Festival 2016",2016-06-11 00:00:00.000,"Sweden Rock Festival Grounds","Sölvesborg, Blekinge, Sweden",1238
"Sweden Rock Festival 2016",2016-06-08 00:00:00.000,"Sweden Rock Festival Grounds","Sölvesborg, Blekinge, Sweden",1238
"Sweden Rock Festival 2016",2016-06-11 00:00:00.000,"Sweden Rock Festival Grounds","Norje, Blekinge, Sweden",1237
"Sweden Rock Festival 2016",2016-06-08 00:00:00.000,"Sweden Rock Festival Grounds","Norje, Blekinge, Sweden",1237
"Sweden Rock",2016-06-11 00:00:00.000,"Norje Havsbad","Norje, Blekinge, Sweden",1236
"Sweden Rock",2016-06-08 00:00:00.000,"Norje Havsbad","Norje, Blekinge, Sweden",1236
"Download Festival 2016",2016-06-12 00:00:00.000,"Hippodrome de Longchamp","Paris, Île-de-France, France",1235
"Download Festival 2016",2016-06-10 00:00:00.000,"Hippodrome de Longchamp","Paris, Île-de-France, France",1235
"Download Festival 2016",2016-06-12 00:00:00.000,"Hippodrome de París-Longchamp","Paris, Île-de-France, France",1234
"Download Festival 2016",2016-06-10 00:00:00.000,"Hippodrome de París-Longchamp","Paris, Île-de-France, France",1234
"Sweden Rock Festival 2016 - Day 4",2016-06-11 00:00:00.000,"Norje Festival Grounds","Norje, Blekinge, Sweden",1233
"Download Festival Paris 2016",2016-06-12 00:00:00.000,"Hippodrome de Longchamp","Paris, Île-de-France, France",1232
"Iron Maiden / Sabaton / Stratovarius / The Raven Age",2016-06-29 00:00:00.000,"Kantola Event Park / Kantolan Tapahtumapuisto","Hämeenlinna, Finland",1231
"Iron Maiden / Sabaton / Stratovarius / The Raven Age",2016-06-29 00:00:00.000,"KANTOLAN TAPAHTUMAPUISTO","Hämeenlinna, Finland",1230
"Scorpions / Sabaton",2016-06-30 00:00:00.000,"Bilbao Arena Miribilla","Bilbao, Basque Country, Spain",1229
"Scorpions / Medina Azahara / Sabaton",2016-07-02 00:00:00.000,"Plaza De Toros ""Los Califas""","Córdoba, Spain",1228
"Scorpions / Sabaton",2016-07-03 00:00:00.000,"WiZink Center","Madrid, Madrid, Spain",1227
"Iron Maiden / Sabaton / The Raven Age",2016-07-06 00:00:00.000,"Letisko Žilina","Žilina, Žilinský kraj, Slovak Republic",1226
"Iron Maiden / Sabaton / The Raven Age",2016-07-06 00:00:00.000,"Letisko Žilina","Dolný Hričov, SK",1225
"Battle Beast / Sabaton / Swallow the Sun / Anthrax",2016-07-09 00:00:00.000,"Kuusisaari","Oulu, North Ostrobothnia, Finland",1224
"Battle Beast / Sabaton / Swallow the Sun / Anthrax",2016-07-08 00:00:00.000,"Kuusisaari","Oulu, North Ostrobothnia, Finland",1224
"Jalometalli Metal Music Festival",2016-07-08 00:00:00.000,"Teatrie Oulu","Oulu, North Ostrobothnia, Finland",1223
"Megadeth / Sabaton / Dragonforce / Children of Bodom",2016-07-10 00:00:00.000,"Park Orman","Istanbul, Istanbul, Turkey",1222
"Iron Maiden / Bullet for My Valentine / Anthrax / Sabaton",2016-07-24 00:00:00.000,"Ippodromo delle Capannelle","Rome, Latium, Italy",1221
"""Rockoff"" / Sabaton",2016-07-26 00:00:00.000,"Rockoff Festival Grounds","Mariehamn, Finland",1220
"HeavyMontreal 2016 (sets I saw)",2016-08-07 00:00:00.000,"Plaines des Jeux","Montreal, Quebec, Canada",1218
"HeavyMontreal 2016 (sets I saw)",2016-08-06 00:00:00.000,"Plaines des Jeux","Montreal, Quebec, Canada",1218
"Heavy Montréal 2016",2016-08-07 00:00:00.000,"Parc Jean-Drapeau","Montreal, Quebec, Canada",1217
"Heavy Montréal 2016",2016-08-06 00:00:00.000,"Parc Jean-Drapeau","Montreal, Quebec, Canada",1217
"Heavy Montreal",2016-08-06 00:00:00.000,"Parc Jean-Drapeau","Montreal, Quebec, Canada",1216
"Summer Breeze 2016",2016-08-20 00:00:00.000,"Flugplatz Dinkelsbühl Sinbronn","Dinkelsbühl, Bavaria, Germany",1215
"Summer Breeze 2016",2016-08-16 00:00:00.000,"Flugplatz Dinkelsbühl Sinbronn","Dinkelsbühl, Bavaria, Germany",1215
"Summer Breeze Open Air 2016",2016-08-17 00:00:00.000,"Flugplatzstraße","Dinkelsbühl, Bavaria, Germany",1213
"Summer Breeze Open Air 2016",2016-08-20 00:00:00.000,"Flugplatzstraße","Dinkelsbühl, Bavaria, Germany",1213
"Summer Breeze 2016",2016-08-21 00:00:00.000,"Dinkelsbühl","Dinkelsbühl, Bavaria, Germany",1212
"Summer Breeze 2016",2016-08-18 00:00:00.000,"Dinkelsbühl","Dinkelsbühl, Bavaria, Germany",1212
"Summer Breeze Festival",2016-08-18 00:00:00.000,"Airfield Aeroclub","Dinkelsbuhl, Germany",1211
"Elbriot Festival 2016",2016-08-20 00:00:00.000,"Großmarkt","Hamburg, Hamburg, Germany",1210
"Elbriot Festival 2016",2016-08-19 00:00:00.000,"Großmarkt","Hamburg, Hamburg, Germany",1210
"Sabaton Open Air!",2016-08-20 00:00:00.000,"Lugnet","Falun, Dalarna, Sweden",1208
"Sabaton / Alestorm / Bloodbound",2016-02-26 00:00:00.000,"Nick Rayns LCR, University of East Anglia (UEA)","Norwich, England, United Kingdom",1205
"Sabaton / Alestorm / Bloodbound",2016-02-27 00:00:00.000,"Manchester Academy 1","Manchester, England, United Kingdom",1204
"Sabaton / Alestorm / Bloodbound",2016-02-27 00:00:00.000,"Academy","Manchester, England, United Kingdom",1203
"Sabaton / Alestorm / Bloodbound",2016-02-27 00:00:00.000,"Manchester Academy","Manchester, England, United Kingdom",1202
"Sabaton / Alestorm / Bloodbound",2016-02-28 00:00:00.000,"O2 Academy Birmingham","Birmingham, England, United Kingdom",1201
"Sabaton / Alestorm / Bloodbound",2016-02-29 00:00:00.000,"Southampton Guildhall","Southampton, England, United Kingdom",1200
"Sabaton / Alestorm / Bloodbound",2016-03-02 00:00:00.000,"Aberdeen Music Hall","Aberdeen, Scotland, United Kingdom",1199
"Sabaton / Alestorm / Bloodbound",2016-03-03 00:00:00.000,"Barrowland Ballroom","Glasgow, Scotland, United Kingdom",1198
"Sabaton / Alestorm / Bloodbound",2016-03-04 00:00:00.000,"Limelight 1","Belfast, Northern Ireland, United Kingdom",1197
"Sabaton / Alestorm / Bloodbound",2016-03-06 00:00:00.000,"Vicar Street","Dublin, Leinster, Ireland",1196
"Sabaton / Alestorm",2016-03-07 00:00:00.000,"Tramshed","Cardiff, Wales, United Kingdom",1195
"Sabaton / Alestorm / Bloodbound",2016-03-08 00:00:00.000,"O2 Academy Bristol","Bristol, England, United Kingdom",1194
"Sabaton / Alestorm / Bloodbound",2016-03-10 00:00:00.000,"O2 Forum Kentish Town","London, England, United Kingdom",1193
"Sabaton / ALESTORM / Bloodhound",2016-03-11 00:00:00.000,"Poppodium 013","Tilburg, North Brabant, Netherlands",1192
"Sabaton / Alestorm / Bloodbound",2016-03-11 00:00:00.000,"Poppodium 013","Tilburg, North Brabant, Netherlands",1191
"Sabaton / Alestorm / Bloodbound",2016-03-12 00:00:00.000,"Rockhal","Esch-sur-Alzette, Esch-sur-Alzette, Luxembourg",1190
"Full Metal Mountain 2016",2016-03-30 00:00:00.000,"Nassfeld Ski Area","Hermagor, Carinthia, Austria",1189
"Iron Maiden / Slayer / Nightwish / Mando Diao / Ghost / Sabaton",2016-05-28 00:00:00.000,"","Gelsenkirchen, North Rhine-Westphalia, Germany",1188
"Iron Maiden / Slayer / Nightwish / Mando Diao / Ghost / Sabaton",2016-05-26 00:00:00.000,"","Gelsenkirchen, North Rhine-Westphalia, Germany",1188
"Rock im Revier 2016",2016-05-28 00:00:00.000,"Westfalenhalle","Dortmund, North Rhine-Westphalia, Germany",1187
"Rock im Revier 2016",2016-05-26 00:00:00.000,"Westfalenhalle","Dortmund, North Rhine-Westphalia, Germany",1187
"Rockavaria 2016",2016-05-29 00:00:00.000,"Olympiastadion (Olympic Stadium)","Munich, Bavaria, Germany",1186
"Rockavaria 2016",2016-05-27 00:00:00.000,"Olympiastadion (Olympic Stadium)","Munich, Bavaria, Germany",1186
"Sonisphere / Allmend Rockt Festival 2016",2016-06-04 00:00:00.000,"Allmend Luzern","Lucerne, Lucerne, Switzerland",1183
"Sonisphere / Allmend Rockt Festival 2016",2016-06-03 00:00:00.000,"Allmend Luzern","Lucerne, Lucerne, Switzerland",1183
"Iron Maiden / Sabaton / Gojira / Tremonti / The Raven Age / The Wild Lies",2016-06-03 00:00:00.000,"Allmend","Lucerne, Lucerne, Switzerland",1182
"Sabaton / Motörhead / Iron Maiden / Rammstein / Apocalyptica / Slayer / Anthrax",2016-06-03 00:00:00.000,"Sonisphere Festival","Lucerne, Lucerne, Switzerland",1181
"Loud Park Festival",2015-10-11 00:00:00.000,"Saitama Super Arena (さいたまスーパーアリーナ)","Saitama, Saitama, Japan",1179
"Sabaton / Alestorm / Bloodbound / Wisdom",2016-02-06 00:00:00.000,"Cassosport Sport Hall","Kosice, Slovak Republic",1173
"Sabaton / Alestorm / Bloodbound",2016-02-13 00:00:00.000,"Posthof","Linz, Upper Austria, Austria",1168
"Sabaton / Alestorm / Bloodbound",2016-02-15 00:00:00.000,"Music Hall","Innsbruck, Tyrol, Austria",1166
"Sabaton / Alestorm / Bloodbound",2016-02-18 00:00:00.000,"Salle Métropole","Lausanne, Vaud, Switzerland",1164
"Rock Fest Barcelona 2015",2015-07-25 00:00:00.000,"Parc de Can Zam","Santa Coloma de Gramenet, Catalonia, Spain",1158
"Rock Fest Barcelona 2015",2015-07-23 00:00:00.000,"Parc de Can Zam","Santa Coloma de Gramenet, Catalonia, Spain",1158
"Sabaton / Serenity / Brainstorm / Serious Black",2015-07-24 00:00:00.000,"Z7 Konzertfabrik","Pratteln, Basel-Landschaft, Switzerland",1156
"Sabaton / Powerwolf / Korpiklaani / Civil War / Bloodbound",2015-07-25 00:00:00.000,"Amphitheater Gelsenkirchen","Gelsenkirchen, North Rhine-Westphalia, Germany",1155
"Wacken Open Air 2015",2015-08-01 00:00:00.000,"Wacken Open Air","Wacken, Schleswig-Holstein, Germany",1153
"Wacken Open Air 2015",2015-07-29 00:00:00.000,"Wacken Open Air","Wacken, Schleswig-Holstein, Germany",1153
"Wacken Open Air 2015",2015-07-30 00:00:00.000,"Wacken Open Air 2015","Wacken, Schleswig-Holstein, Germany",1152
"Wacken Open Air 2015",2015-08-01 00:00:00.000,"Wacken Open Air 2015","Wacken, Schleswig-Holstein, Germany",1152
"Wacken Open Air 2015",2015-08-01 00:00:00.000,"Unknown venue","Wacken, Schleswig-Holstein, Germany",1151
"Wacken Open Air 2015",2015-07-30 00:00:00.000,"Unknown venue","Wacken, Schleswig-Holstein, Germany",1151
"Wacken Open Air",2015-08-01 00:00:00.000,"Wacken","Wacken, Schleswig-Holstein, Germany",1150
"Wacken Open Air",2015-07-30 00:00:00.000,"Wacken","Wacken, Schleswig-Holstein, Germany",1150
"Wacken Open Air 2015",2015-08-01 00:00:00.000,"Wacken Open Air","Wacken, Schleswig-Holstein, Germany",1149
"Wacken Open Air 2015",2015-07-30 00:00:00.000,"Wacken Open Air","Wacken, Schleswig-Holstein, Germany",1149
"Wacken Open Air 2015",2015-08-01 00:00:00.000,"Wacken Grounds","Wacken, Schleswig-Holstein, Germany",1148
"Wacken Open Air 2015",2015-07-30 00:00:00.000,"Wacken Grounds","Wacken, Schleswig-Holstein, Germany",1148
"Wacken Open Air 2015",2015-07-30 00:00:00.000,"Wacken Grounds","Wacken, Schleswig-Holstein, Germany",1147
"Wacken Open Air 2015",2015-08-01 00:00:00.000,"Wacken Grounds","Wacken, Schleswig-Holstein, Germany",1147
"Wacken Open Air Festival",2015-08-01 00:00:00.000,"RheinRiot","Wacken, Schleswig-Holstein, Germany",1145
"Leyendas Del Rock 2015",2015-08-05 00:00:00.000,"Polideportivo Municipal","Villena, Alicante",1143
"Leyendas Del Rock 2015",2015-08-08 00:00:00.000,"Polideportivo Municipal","Villena, Alicante",1143
"Bloodstock Festival 2015",2015-08-06 00:00:00.000,"Bloodstock Open Air","Walton-on-Trent, England, United Kingdom",1142
"Bloodstock Festival 2015",2015-08-09 00:00:00.000,"Bloodstock Open Air","Walton-on-Trent, England, United Kingdom",1142
"Bloodstock Open Air 2015",2015-08-09 00:00:00.000,"Catton Hall Park","Walton-on-Trent, England, United Kingdom",1141
"Bloodstock Open Air 2015",2015-08-06 00:00:00.000,"Catton Hall Park","Walton-on-Trent, England, United Kingdom",1141
"Bloodstock Festival 2015",2015-08-09 00:00:00.000,"Catton Hall","Derby, England, United Kingdom",1140
"Bloodstock Festival 2015",2015-08-06 00:00:00.000,"Catton Hall","Derby, England, United Kingdom",1140
"Bloodstock Open Air 2015",2015-08-09 00:00:00.000,"Catton Park","Walton-on-Trent, England, United Kingdom",1139
"Bloodstock Open Air 2015",2015-08-06 00:00:00.000,"Catton Park","Walton-on-Trent, England, United Kingdom",1139
"Bloodstock Open Air 2015",2015-08-09 00:00:00.000,"Catton Park","Walton-on-Trent, England, United Kingdom",1138
"Bloodstock Open Air 2015",2015-08-06 00:00:00.000,"Catton Park","Walton-on-Trent, England, United Kingdom",1138
"Bloodstock Open Air 2015",2015-08-09 00:00:00.000,"Catton Park","Walton-on-Trent, England, United Kingdom",1137
"Bloodstock Open Air 2015",2015-08-06 00:00:00.000,"Catton Park","Walton-on-Trent, England, United Kingdom",1137
"Bloodstock Open Air 2015",2015-08-09 00:00:00.000,"Catton Hall","Walton-on-Trent, England, United Kingdom",1135
"Bloodstock Open Air 2015",2015-08-07 00:00:00.000,"Catton Hall","Walton-on-Trent, England, United Kingdom",1135
"Sabaton / Sepultura / Ensiferum / Avatar",2015-08-08 00:00:00.000,"Oldehove kerkplein","Leeuwarden, Friesland, Netherlands",1133
"Into The Grave 2015",2015-08-08 00:00:00.000,"Oldehoofsterkerkhof","Leeuwarden, Friesland, Netherlands",1132
"Alcatraz Metal Festival",2015-08-09 00:00:00.000,"Sport Campus Lange Munte","Kortrijk, Flanders, Belgium",1131
"Ensiferum / W.A.S.P. / Accept / Sabaton",2015-08-10 00:00:00.000,"Foire aux Vins d'Alsace, Parc Expo","Colmar, France",1130
"Sabaton / Wintersun / Falconer / Persuader / Krisiun / Orden Ogan / Saffire / Lost Society / Sonata Arctica / Gloryhammer / Leaves' Eyes / Raubtier / Brainstorm / Candlemass / Atrocity / Kreator",2015-08-13 00:00:00.000,"Sabaton Open Air","Falun, Dalarna, Sweden",1129
"Lost Society / Sabaton / Sonata Arctica",2015-08-15 00:00:00.000,"Sabaton Open Air","Falun, Dalarna, Sweden",1128
"Sabaton Open Air!",2015-08-15 00:00:00.000,"Lugnet","Falun, Dalarna, Sweden",1127
"Trondheim Metal Fest 2015",2015-10-03 00:00:00.000,"Scandic Hotel Lerkendal","Trondheim, Trøndelag, Norway",1125
"Trondheim Metal Fest 2015",2015-10-01 00:00:00.000,"Scandic Hotel Lerkendal","Trondheim, Trøndelag, Norway",1125
"Nightwish / Delain / Sabaton",2015-05-08 00:00:00.000,"House of Blues Orlando","Orlando, Florida, United States",1123
"Nightwish / Delain / Sabaton",2015-05-09 00:00:00.000,"Revolution Live","Fort Lauderdale, Florida, United States",1122
"Nightwish / Delain / Sabaton",2015-05-11 00:00:00.000,"Marathon Music Works","Nashville, Tennessee, United States",1121
"Nightwish / Sabaton / Delain",2015-05-12 00:00:00.000,"Expo Five","Louisville, Kentucky, United States",1120
"Nightwish / Sabaton / Delain",2015-05-13 00:00:00.000,"The Underground, The Fillmore Charlotte, AvidXchange Music Factory","Charlotte, North Carolina, United States",1119
"Nightwish / Sabaton / Delain",2015-05-14 00:00:00.000,"The Fillmore Silver Spring","Silver Spring, Maryland, United States",1118
"Rock on the Range",2015-05-17 00:00:00.000,"Mapfre Stadium","Columbus, Ohio, United States",1117
"Rock on the Range",2015-05-15 00:00:00.000,"Mapfre Stadium","Columbus, Ohio, United States",1117
"Rock on the Range 2015",2015-05-17 00:00:00.000,"Historic Crew Stadium","Columbus, Ohio, United States",1116
"Rock on the Range 2015",2015-05-15 00:00:00.000,"Historic Crew Stadium","Columbus, Ohio, United States",1116
"Upon A Burning Body / You Me At Six / Marmozets / BABYMETAL / Unlocking the Truth / Beartooth / Like a Storm / Rise Against / Slipknot / Papa Roach / Marilyn Manson / Breaking Benjamin / Hollywood Undead / Godsmack / Judas Priest / Tech N9ne / Sla...",2015-05-15 00:00:00.000,"Mapfre Stadium","Columbus, Ohio, United States",1115
"Upon A Burning Body / You Me At Six / Marmozets / BABYMETAL / Unlocking the Truth / Beartooth / Like a Storm / Rise Against / Slipknot / Papa Roach / Marilyn Manson / Breaking Benjamin / Hollywood Undead / Godsmack / Judas Priest / Tech N9ne / Sla...",2015-05-17 00:00:00.000,"Mapfre Stadium","Columbus, Ohio, United States",1115
"Rock on the Range 2015",2015-05-17 00:00:00.000,"Mapfre Stadium","Columbus, Ohio, United States",1114
"Rock on the Range 2015",2015-05-15 00:00:00.000,"Mapfre Stadium","Columbus, Ohio, United States",1114
"Rock on the Range - Day two",2015-05-16 00:00:00.000,"Mapfre Stadium","Columbus, Ohio, United States",1113
"Rocklahoma Festival 2015",2015-05-24 00:00:00.000,"Pryor Creek Music Festival Grounds","Pryor, Oklahoma, United States",1112
"Rocklahoma Festival 2015",2015-05-22 00:00:00.000,"Pryor Creek Music Festival Grounds","Pryor, Oklahoma, United States",1112
"Rock in Vienna 2015",2015-06-06 00:00:00.000,"Donauinsel","Vienna, Vienna, Austria",1110
"Rock in Vienna 2015",2015-06-04 00:00:00.000,"Donauinsel","Vienna, Vienna, Austria",1110
"Alpen Flair 2015",2015-06-21 00:00:00.000,"Ex-NATO Areal","Natz-Schabs, Italy",1107
"Alpen Flair 2015",2015-06-17 00:00:00.000,"Ex-NATO Areal","Natz-Schabs, Italy",1107
"Bråvalla festival 2015",2015-06-27 00:00:00.000,"Festivalområdet Bråvalla","Bråvalla, Sweden",1105
"Bråvalla festival 2015",2015-06-25 00:00:00.000,"Festivalområdet Bråvalla","Bråvalla, Sweden",1105
"Bråvalla festival 2015",2015-06-27 00:00:00.000,"Festivalområdet Bråvalla","Norrköping, Östergötland, Sweden",1104
"Bråvalla festival 2015",2015-06-25 00:00:00.000,"Festivalområdet Bråvalla","Norrköping, Östergötland, Sweden",1104
"Tuska Open Air 2015",2015-06-26 00:00:00.000,"Suvilahti","Helsinki, Uusimaa, Finland",1103
"Bravalla Festival",2015-06-27 00:00:00.000,"Norrköping-Bråvalla Airfield","Norrkoping, Sweden",1101
"Bang Your Head!!!",2015-07-17 00:00:00.000,"Messegelande","Balingen, Germany",1099
"Nightwish / Delain / Sabaton",2015-04-10 00:00:00.000,"Electric Factory","Philadelphia, Pennsylvania, United States",1098
"Nightwish / Sabaton / Delain",2015-04-11 00:00:00.000,"The Worcester Palladium","Worcester, Massachusetts, United States",1097
"Nightwish / Sabaton / Delain",2015-04-13 00:00:00.000,"Theatre Capitole","Québec, Quebec, Canada",1096
"Nightwish / Sabaton / Delain",2015-04-14 00:00:00.000,"The Phoenix Concert Theatre","Toronto, Ontario, Canada",1095
"Nightwish / Sabaton / Delain",2015-04-16 00:00:00.000,"Town Ballroom","Buffalo, New York, United States",1094
"Nightwish / Sabaton / Delain",2015-04-17 00:00:00.000,"The Agora","Cleveland, Ohio, United States",1093
"Nightwish / Sabaton / Delain",2015-04-18 00:00:00.000,"Concord Music Hall","Chicago, Illinois, United States",1092
"Nightwish / Sabaton / Delain",2015-04-19 00:00:00.000,"Seven Flags Event Center","Clive, Iowa, United States",1091
"Nightwish / Sabaton / Delain",2015-04-21 00:00:00.000,"Ogden Theatre","Denver, Colorado, United States",1090
"Nightwish / Sabaton / Delain",2015-04-22 00:00:00.000,"In the Venue","Salt Lake City, Utah, United States",1089
"Nightwish / Sabaton / Delain",2015-04-24 00:00:00.000,"Knitting Factory Concert House","Spokane, Washington, United States",1088
"Nightwish / Delain / Sabaton",2015-04-25 00:00:00.000,"Orpheum Theatre","Vancouver, British Columbia, Canada",1087
"Nightwish / Delain / Sabaton",2015-04-26 00:00:00.000,"McMenamins Crystal Ballroom","Portland, Oregon, United States",1086
"Nightwish / Sabaton / Delain",2015-04-28 00:00:00.000,"The Warfield Theatre","San Francisco, California, United States",1085
"Nightwish / Delain / Sabaton",2015-04-30 00:00:00.000,"House of Blues Las Vegas, Mandalay Bay Resort and Casino","Las Vegas, Nevada, United States",1084
"Nightwish / Sabaton / Delain",2015-05-01 00:00:00.000,"Greek Theatre, Griffith Park","Los Angeles, California, United States",1083
"Nightwish / Delain / Sabaton",2015-05-02 00:00:00.000,"Marquee Theatre","Tempe, Arizona, United States",1082
"Nightwish / Sabaton / Delain",2015-05-03 00:00:00.000,"Tricky Falls","El Paso, Texas, United States",1081
"Nightwish / Delain / Sabaton",2015-05-05 00:00:00.000,"Warehouse Live","Houston, Texas, United States",1080
"Nightwish / Delain / Sabaton",2015-05-05 00:00:00.000,"The Bomb Factory","Dallas, Texas, United States",1079
"Nightwish / Sabaton / Delain",2015-05-06 00:00:00.000,"Warehouse Live - Ballroom","Houston, Texas, United States",1078
"Nightwish / Sabaton / Delain",2015-05-06 00:00:00.000,"The Ballroom at Warehouse Live","Houston, Texas, United States",1077
"Battle Beast / Sabaton",2015-02-13 00:00:00.000,"Lotto Arena","Antwerp, Flanders, Belgium",1076
"Sabaton / Delain / Battle Beast",2015-02-14 00:00:00.000,"Alsterdorfer Sporthalle","Hamburg, Hamburg, Germany",1075
"Sabaton / Delain",2015-02-15 00:00:00.000,"Melkweg","Amsterdam, North Holland, Netherlands",1074
"Sabaton / Battle Beast",2015-02-15 00:00:00.000,"Melkweg","Amsterdam, North Holland, Netherlands",1073
"Lost Society / Sabaton",2015-03-19 00:00:00.000,"The Circus","Helsinki, Uusimaa, Finland",1062
"Lost Society / Sabaton",2015-03-20 00:00:00.000,"Pakkahuone","Tampere, Pirkanmaa, Finland",1060
"Nightwish / Sabaton / Delain",2015-04-09 00:00:00.000,"Hammerstein Ballroom, Manhattan Center","New York, New York, United States",1054
"Sabaton / Delain / Battle Beast",2015-01-17 00:00:00.000,"Stadthalle","Langen, Germany",1053
"Sabaton / Delain / Battle Beast",2015-01-19 00:00:00.000,"Huxleys Neue Welt","Berlin, Berlin, Germany",1052
"Sabaton / Delain / Battle Beast",2015-01-25 00:00:00.000,"Pecsa Music Hall","Budapest, Budapest, Hungary",1047
"Sabaton / Delain / Battle Beast",2015-01-27 00:00:00.000,"Turbohalle","Bucharest, Bucureşti, Romania",1046
"Sabaton / Delain / Battle Beast",2015-01-28 00:00:00.000,"Universiada Hall","Sofia, Sofia-Capital, Bulgaria",1045
"Sabaton / Delain / Battle Beast",2015-01-30 00:00:00.000,"Fuzz Club","Athens, Attica, Greece",1044
"Sabaton / Delain / Battle Beast",2015-01-31 00:00:00.000,"Principle Music Theatre","Thessaloníki, Greece",1043
"Sabaton / Delain / Battle Beast",2015-02-02 00:00:00.000,"Tvornica","Zagreb, City of Zagreb, Croatia",1042
"Sabaton / Delain / Battle Beast",2015-02-03 00:00:00.000,"Alcatraz","Milan, Lombardy, Italy",1041
"Sabaton / Delain / Battle Beast",2015-02-04 00:00:00.000,"Tonhalle München, Werksviertel Mitte","Munich, Bavaria, Germany",1040
"Sabaton / Delain / Battle Beast",2015-02-06 00:00:00.000,"Gasometer Halle","Vienna, Vienna, Austria",1039
"Sabaton / Delain / Battle Beast",2015-02-07 00:00:00.000,"Hudebni Divadlo Karlin","Prague, Hlavní město Praha, Czechia",1038
"Sabaton / Delain / Battle Beast",2015-02-08 00:00:00.000,"Novesta Hall","Zlín, Czech Republic",1037
"Battle Beast / Sabaton",2015-02-09 00:00:00.000,"Refinery Gallery","Bratislava, Bratislava, Slovak Republic",1036
"Sabaton / Delain / Battle Beast",2015-02-10 00:00:00.000,"Refinery Gallery","Bratislava, Bratislava, Slovak Republic",1035
"Sabaton / Delain / Battle Beast",2015-02-11 00:00:00.000,"Garage","Saarbrucken, Germany",1034
"Sabaton / Korpiklaani / Týr",2014-12-08 00:00:00.000,"O2 Ritz Manchester","Manchester, England, United Kingdom",1032
"Sabaton / Korpiklaani / Týr",2014-12-11 00:00:00.000,"Le Bikini","Ramonville St Agne, France",1029
"Korpiklaani / Tyr / Sabaton",2014-12-14 00:00:00.000,"Hard Club","Porto, Porto, Portugal",1026
"Sabaton / Korpiklaani / Týr",2014-12-16 00:00:00.000,"Koh Tao Club","Valencia, Valencia, Spain",1025
"Sabaton / Delain / Battle Beast",2015-01-08 00:00:00.000,"Turbinenhalle Oberhausen","Oberhausen, North Rhine-Westphalia, Germany",1020
"Sabaton / Delain / Battle Beast",2015-01-09 00:00:00.000,"Turbinenhalle Oberhausen","Oberhausen, North Rhine-Westphalia, Germany",1019
"Battle Beast / Sabaton",2015-01-10 00:00:00.000,"Stadthalle Langen","Langen, Germany",1017
"Sabaton / Delain / Battle Beast",2015-01-11 00:00:00.000,"Poppodium 013","Tilburg, North Brabant, Netherlands",1016
"Sabaton / Delain / Battle Beast",2015-01-12 00:00:00.000,"O2 Forum Kentish Town","London, England, United Kingdom",1015
"Sabaton / Delain / Battle Beast",2015-01-14 00:00:00.000,"Le Bataclan","Paris, Île-de-France, France",1014
"Sabaton / Delain / Battle Beast",2015-01-15 00:00:00.000,"Z7","Pratteln, Basel-Landschaft, Switzerland",1013
"Sabaton / Delain / Battle Beast",2015-01-16 00:00:00.000,"MHP Arena Ludwigsburg","Ludwigsburg, Baden-Württemberg, Germany",1012
"Skeletonwitch / Sabaton / Amon Amarth",2014-10-30 00:00:00.000,"Mojoes","Joliet, Illinois, United States",1011
"Amon Amarth / Skeletonwitch / Sabaton",2014-10-31 00:00:00.000,"Royal Oak Music Theatre","Royal Oak, Michigan, United States",1010
"Amon Amarth / Skeletonwitch / Sabaton",2014-11-01 00:00:00.000,"The Rave/Eagles Club","Milwaukee, Wisconsin, United States",1009
"The Holy White Hounds / Parlours / Dylan Sires and Neighbors / The Olympics / Sabaton",2014-11-01 00:00:00.000,"Wooly's","Des Moines, Iowa, United States",1008
"Amon Amarth / Skeletonwitch / Sabaton",2014-11-02 00:00:00.000,"Wooly's","Des Moines, Iowa, United States",1007
"Amon Amarth / Skeletonwitch / Sabaton",2014-11-04 00:00:00.000,"Bourbon Theatre","Lincoln, Nebraska, United States",1006
"Amon Amarth / Skeletonwitch / Sabaton",2014-11-05 00:00:00.000,"Diamond Ballroom","Oklahoma City, Oklahoma, United States",1005
"Koffin Kats / Calabrese / 12 Step Rebels / Sabaton",2014-11-07 00:00:00.000,"Tricky Falls","El Paso, Texas, United States",1004
"Amon Amarth / Sabaton / Skeletonwitch",2014-11-08 00:00:00.000,"Tricky Falls","El Paso, Texas, United States",1003
"Amon Amarth / Skeletonwitch / Sabaton",2014-11-09 00:00:00.000,"Encore Nightclub","Tucson, Arizona, United States",1002
"Korpiklaani / Sabaton",2014-11-28 00:00:00.000,"The Waterfront","Norwich, England, United Kingdom",997
"Sabaton / Korpiklaani / Týr",2014-11-30 00:00:00.000,"The Hub","Plymouth, England, United Kingdom",995
"Sabaton / Korpiklaani / Tyr",2014-12-02 00:00:00.000,"Sub89","Reading, England, United Kingdom",994
"Sabaton / Korpiklaani / Týr",2014-12-03 00:00:00.000,"Weymouth Pavilion","Weymouth, England, United Kingdom",992
"Amon Amarth / Sabaton / Skeletonwitch",2014-10-04 00:00:00.000,"Flames Central","Calgary, Alberta, Canada",989
"Amon Amarth / Skeletonwitch / Sabaton",2014-10-05 00:00:00.000,"Louis'","Saskatoon, Saskatchewan, Canada",988
"Amon Amarth / Skeletonwitch / Sabaton",2014-10-06 00:00:00.000,"Garrick Centre","Winnipeg, Manitoba, Canada",987
"Amon Amarth / Skeletonwitch / Sabaton",2014-10-07 00:00:00.000,"Crocks","Thunder Bay, Ontario, Canada",986
"Amon Amarth / Skeletonwitch / Sabaton",2014-10-10 00:00:00.000,"REBEL","Toronto, Ontario, Canada",984
"Amon Amarth / Sabaton / Skeletonwitch",2014-10-11 00:00:00.000,"Métropolis","Montreal, Quebec, Canada",983
"Amon Amarth / Skeletonwitch / Sabaton",2014-10-12 00:00:00.000,"Imperial De Quebec","Québec, Quebec, Canada",982
"Amon Amarth / Sabaton / Skeletonwitch",2014-10-14 00:00:00.000,"Freebird Live","Jacksonville Beach, Florida, United States",981
"Sabaton / Skeletonwitch / Amon Amarth",2014-10-14 00:00:00.000,"Ballroom, Higher Ground","South Burlington, Vermont, United States",980
"Amon Amarth / Sabaton / Skeletonwitch",2014-10-15 00:00:00.000,"Webster Theater","Hartford, Connecticut, United States",979
"Amon Amarth / Sabaton",2014-10-17 00:00:00.000,"Upstate Concert Hall","Clifton Park, NY, US",978
"Amon Amarth / Skeletonwitch / Sabaton",2014-10-17 00:00:00.000,"Upstate Concert Hall","Clifton Park, New York, United States",977
"Amon Amarth / Sabaton / Vallenfyre",2014-10-18 00:00:00.000,"PlayStation Theater","New York, New York, United States",976
"Amon Amarth / Sabaton / Vallenfyre",2014-10-18 00:00:00.000,"Best Buy Theater","New York, New York, United States",975
"Amon Amarth / Skeletonwitch / Sabaton",2014-10-19 00:00:00.000,"Newport Music Hall","Columbus, Ohio, United States",974
"Amon Amarth / Skeletonwitch / Sabaton",2014-10-21 00:00:00.000,"Track 29","Chattanooga, Tennessee, United States",973
"Sabaton / Amon Amarth / Skeletonwitch",2014-10-22 00:00:00.000,"Bijou Theatre","Knoxville, Tennessee, United States",972
"Amon Amarth / Sabaton / Skeletonwitch",2014-10-24 00:00:00.000,"Iron City","Birmingham, Alabama, United States",971
"Amon Amarth / Skeletonwitch / Sabaton",2014-10-25 00:00:00.000,"Freebird Live","Jacksonville, Florida, United States",970
"Amon Amarth / Skeletonwitch / Sabaton",2014-10-26 00:00:00.000,"Iron City","Birmingham, Alabama, United States",969
"Amon Amarth / Sabaton / Skeletonwitch",2014-10-27 00:00:00.000,"Civic Theatre","New Orleans, Louisiana, United States",968
"Amon Amarth / Skeletonwitch / Sabaton",2014-10-29 00:00:00.000,"The Pageant","St Louis, Missouri, United States",967
"Sabaton / Platinum / Charlar",2014-09-09 00:00:00.000,"Bar Opinião","Porto Alegre, Rio Grande do Sul, Brazil",963
"Amon Amarth / Sabaton / Skeletonwitch",2014-09-25 00:00:00.000,"Riverside Municipal Auditorium","Riverside, California, United States",953
"Amon Amarth / Skeletonwitch / Sabaton",2014-09-26 00:00:00.000,"The Catalyst","Santa Cruz, California, United States",952
"Amon Amarth / Sabaton / Skeletonwitch",2014-09-27 00:00:00.000,"Ace of Spades","Sacramento, California, United States",951
"Amon Amarth / Sabaton / Skeletonwitch",2014-09-29 00:00:00.000,"Wonder Ballroom","Portland, Oregon, United States",950
"Amon Amarth / Skeletonwitch / Sabaton",2014-09-30 00:00:00.000,"El Corazon","Seattle, Washington, United States",949
"Amon Amarth / Sabaton / Skeletonwitch",2014-10-01 00:00:00.000,"Commodore Ballroom","Vancouver, British Columbia, Canada",948
"Amon Amarth / Skeletonwitch / Sabaton",2014-10-03 00:00:00.000,"Union Hall","Edmonton, Alberta, Canada",947
"Metal Days 2014",2014-07-26 00:00:00.000,"Sotočje","Tolmin, Tolmin, Slovenia",943
"Metal Days 2014",2014-07-20 00:00:00.000,"Sotočje","Tolmin, Tolmin, Slovenia",943
"Metaldays",2014-07-25 00:00:00.000,"Alpine Valley","Tolmin, Tolmin, Slovenia",941
"Sabaton / U.D.O. / Amaranthe",2014-07-31 00:00:00.000,"Nösnäsvallen","Stenungsund, Sweden",940
"See Rock Festival",2014-08-01 00:00:00.000,"Schwarzlsee","Graz, Styria, Austria",939
"Sabaton / U.D.O. / Amaranthe",2014-08-02 00:00:00.000,"Fästningshörnan","Varberg, Sweden",938
"Sabaton / d.a.d. / Raubtier",2014-08-07 00:00:00.000,"Slottsruinen","Borgholm, Sweden",937
"Sabaton / d.a.d. / Raubtier",2014-08-08 00:00:00.000,"Brunnsparken","Orebro, Sweden",936
"Rockstad: Falun, Sabaton Open Air 2014",2014-08-14 00:00:00.000,"Lugnet","Falun, Dalarna, Sweden",934
"Rockstad: Falun, Sabaton Open Air 2014",2014-08-16 00:00:00.000,"Lugnet","Falun, Dalarna, Sweden",934
"""Sabaton Open Air!"" / Sabaton / Van Canto / Tyr / Battle Beast",2014-08-16 00:00:00.000,"Lugnet","Falun, Dalarna, Sweden",933
"Fortarock 2014",2014-05-31 00:00:00.000,"Nijmegen Goffertpark","Nijmegen, Gelderland, Netherlands",924
"Fortarock 2014",2014-05-31 00:00:00.000,"Goffertpark","Nijmegen, Gelderland, Netherlands",923
"Fortarock 2014",2014-05-31 00:00:00.000,"Fortarock","Nijmegen, Gelderland, Netherlands",922
"Fortarock 2014",2014-05-31 00:00:00.000,"Goffertpark","Nijmegen, Gelderland, Netherlands",921
"Kivelahti Rock 2014",2014-06-07 00:00:00.000,"Leppävaaran urheilupuisto","Espoo, Uusimaa, Finland",919
"Kivelahti Rock 2014",2014-06-06 00:00:00.000,"Leppävaaran urheilupuisto","Espoo, Uusimaa, Finland",919
"Greenfield Festival 2014",2014-06-12 00:00:00.000,"Flugplatz Interlaken","Interlaken, Bern, Switzerland",917
"Greenfield Festival 2014",2014-06-14 00:00:00.000,"Flugplatz Interlaken","Interlaken, Bern, Switzerland",917
"Greenfield Festival 2014",2014-06-14 00:00:00.000,"Flugplatz Interlaken","Bern, Bern, Switzerland",916
"Greenfield Festival 2014",2014-06-12 00:00:00.000,"Flugplatz Interlaken","Bern, Bern, Switzerland",916
"Download Festival 2014",2014-06-15 00:00:00.000,"Donington Park","Castle Donington, England, United Kingdom",915
"Download Festival 2014",2014-06-13 00:00:00.000,"Donington Park","Castle Donington, England, United Kingdom",915
"Download Festival 2014",2014-06-15 00:00:00.000,"Donington Park","Castle Donington, England, United Kingdom",914
"Download Festival 2014",2014-06-13 00:00:00.000,"Donington Park","Castle Donington, England, United Kingdom",914
"Download 2014",2014-06-15 00:00:00.000,"Donington Park","Castle Donington, England, United Kingdom",913
"Download 2014",2014-06-13 00:00:00.000,"Donington Park","Castle Donington, England, United Kingdom",913
"Download Festival 2014",2014-06-15 00:00:00.000,"Donington Park","Castle Donington, England, United Kingdom",912
"Download Festival 2014",2014-06-13 00:00:00.000,"Donington Park","Castle Donington, England, United Kingdom",912
"Metalfest Loreley 2014",2014-06-21 00:00:00.000,"Metalfest","Saint Goarshausen, Rheinland-Pfalz, Germany",908
"Metalfest Loreley 2014",2014-06-19 00:00:00.000,"Metalfest","Saint Goarshausen, Rheinland-Pfalz, Germany",908
"Metalfest Loreley 2014",2014-06-19 00:00:00.000,"Freilichtbühne Loreley","Saint Goarshausen, Rheinland-Pfalz, Germany",907
"Metalfest Loreley 2014",2014-06-21 00:00:00.000,"Freilichtbühne Loreley","Saint Goarshausen, Rheinland-Pfalz, Germany",907
"Tons Of Rock 2014",2014-06-21 00:00:00.000,"Fredriksten Festning","Halden, Norway",906
"Tons Of Rock 2014",2014-06-19 00:00:00.000,"Fredriksten Festning","Halden, Norway",906
"Eluveitie / Sabaton",2014-06-19 00:00:00.000,"Metalfest","Saint Goarshausen, Rheinland-Pfalz, Germany",905
"Hellfest 2014",2014-06-22 00:00:00.000,"Val de Moine Sport Complex","Clisson, Pays de la Loire, France",904
"Hellfest 2014",2014-06-20 00:00:00.000,"Val de Moine Sport Complex","Clisson, Pays de la Loire, France",904
"Hellfest 2014 @ Val de Moine",2014-06-22 00:00:00.000,"Val de Moine Sport Complex","Clisson, Pays de la Loire, France",903
"Hellfest 2014 @ Val de Moine",2014-06-20 00:00:00.000,"Val de Moine Sport Complex","Clisson, Pays de la Loire, France",903
"Hellfest 2014",2014-06-22 00:00:00.000,"Val de Moine Sport Complex","Clisson, Pays de la Loire, France",902
"Hellfest 2014",2014-06-20 00:00:00.000,"Val de Moine Sport Complex","Clisson, Pays de la Loire, France",902
"Hellfest 2014",2014-06-22 00:00:00.000,"Val de Moine Sport Complex","Clisson, Pays de la Loire, France",901
"Hellfest 2014",2014-06-20 00:00:00.000,"Val de Moine Sport Complex","Clisson, Pays de la Loire, France",901
"Europe / Krokus / Pretty Maids / Helloween / Sabaton / Gotthard",2014-06-27 00:00:00.000,"Kavarna Rock Fest","Kavarna, Bulgaria",896
"Europe / Krokus / Pretty Maids / Helloween / Sabaton / Gotthard",2014-06-29 00:00:00.000,"Kavarna Rock Fest","Kavarna, Bulgaria",896
"Helloween / Sabaton / Gotthard / Jorn",2014-06-29 00:00:00.000,"Kaliakra Stadium","Kavarna, Bulgaria",890
"EXIT Festival",2014-07-13 00:00:00.000,"Petrovaradin Fortress","Novi Sad, Vojvodina, Serbia",887
"EXIT Festival",2014-07-10 00:00:00.000,"Petrovaradin Fortress","Novi Sad, Vojvodina, Serbia",887
"Iced Earth / Sabaton / Revamp",2014-04-23 00:00:00.000,"The Masquerade","Atlanta, Georgia, United States",883
"Iced Earth / Sabaton / Revamp",2014-04-24 00:00:00.000,"House of Blues Orlando","Orlando, Florida, United States",882
"Iced Earth / Sabaton / Revamp",2014-04-25 00:00:00.000,"Revolution Live","Fort Lauderdale, Florida, United States",881
"Iced Earth / Sabaton / Revamp",2014-04-26 00:00:00.000,"The Floridian Social Club","St. Petersburg, Florida, United States",880
"Iced Earth / Sabaton / Revamp",2014-04-28 00:00:00.000,"Scout Bar","Houston, Texas, United States",879
"Iced Earth / Sabaton / Revamp",2014-04-29 00:00:00.000,"Trees","Dallas, Texas, United States",878
"Iced Earth / Sabaton / Revamp",2014-05-01 00:00:00.000,"Club Red Theaters","Mesa, Arizona, United States",877
"Iced Earth / Sabaton / Revamp",2014-05-02 00:00:00.000,"House of Blues","West Hollywood, California, United States",876
"Iced Earth / Sabaton / Revamp",2014-05-03 00:00:00.000,"Slim's","San Francisco, California, United States",875
"Iced Earth / Sabaton / Revamp",2014-05-05 00:00:00.000,"Knitting Factory Concert House","Spokane, Washington, United States",874
"Iced Earth / Sabaton / Revamp",2014-05-06 00:00:00.000,"El Corazon","Seattle, Washington, United States",873
"Iced Earth / Sabaton / Revamp",2014-05-07 00:00:00.000,"Venue Nightclub","Vancouver, British Columbia, Canada",872
"Iced Earth / Sabaton / Revamp",2014-05-09 00:00:00.000,"The Starlite Room","Edmonton, Alberta, Canada",871
"Iced Earth / Sabaton / Revamp",2014-05-10 00:00:00.000,"Republik","Calgary, Alberta, Canada",870
"Iced Earth / Sabaton / Revamp",2014-05-11 00:00:00.000,"Riddell Centre","Regina, Saskatchewan, Canada",869
"Iced Earth / Sabaton / Revamp",2014-05-12 00:00:00.000,"Park Theatre","Winnipeg, Manitoba, Canada",868
"Iced Earth / Sabaton / Revamp",2014-05-14 00:00:00.000,"Summit","Denver, Colorado, United States",867
"Iced Earth / Sabaton / Revamp",2014-05-15 00:00:00.000,"Sunshine Theater","Albuquerque, New Mexico, United States",866
"Iced Earth / Sabaton / Revamp",2014-05-16 00:00:00.000,"Diamond Ballroom","Oklahoma City, Oklahoma, United States",865
"Eindhoven Metal Meeting",2013-12-12 00:00:00.000,"Effenaar","Eindhoven, North Brabant, Netherlands",862
"Death Angel / Bullet / Accept / Sabaton",2013-12-14 00:00:00.000,"Xmas Metal Meeting","Bern, Bern, Switzerland",858
"Sabaton / Doro / Saltatio Mortis / Lordi / Pink Cream 69 / Kissing Dynamite",2013-12-14 00:00:00.000,"","Europahalle Karlsruhe",857
"Sabaton / Doro / Kissin’ Dynamite / Lordi / Pink Cream 69 / Saltatio Mortis",2013-12-14 00:00:00.000,"Europahalle Karlsruhe","Karlsruhe, Baden-Württemberg, Germany",856
"Sabaton / Death Angel / Bullet / Accept",2013-12-15 00:00:00.000,"Eventhalle","Würzburg, Germany",855
"Iced Earth / Sabaton / Revamp",2014-04-04 00:00:00.000,"The Intersection","Grand Rapids, Michigan, United States",854
"Iced Earth / Sabaton / Revamp",2014-04-05 00:00:00.000,"The Rave/Eagles Club","Milwaukee, Wisconsin, United States",853
"Iced Earth / Sabaton / Revamp",2014-04-06 00:00:00.000,"House of Blues Chicago","Chicago, Illinois, United States",852
"Iced Earth / Sabaton / Beak>",2014-04-06 00:00:00.000,"House of Blues Chicago","Chicago, Illinois, United States",851
"Iced Earth / Sabaton / Revamp",2014-04-07 00:00:00.000,"First Avenue","Minneapolis, Minnesota, United States",850
"Revamp / Iced Earth / Sabaton",2014-04-09 00:00:00.000,"Stage AE","Pittsburgh, Pennsylvania, United States",849
"Iced Earth / Sabaton / Revamp",2014-04-10 00:00:00.000,"Newport Music Hall","Columbus, Ohio, United States",848
"Iced Earth / Sabaton / Revamp",2014-04-11 00:00:00.000,"The Agora","Cleveland, Ohio, United States",847
"Iced Earth / Sabaton / Revamp",2014-04-12 00:00:00.000,"Saint Andrew’s Hall","Detroit, Michigan, United States",846
"Iced Earth / Sabaton / Revamp",2014-04-14 00:00:00.000,"The Phoenix Concert Theatre","Toronto, Ontario, Canada",845
"Iced Earth / Sabaton / Revamp",2014-04-15 00:00:00.000,"Imperial De Quebec","Québec, Quebec, Canada",844
"Iced Earth / Sabaton / Revamp",2014-04-16 00:00:00.000,"Corona Theatre","Montreal, Quebec, Canada",843
"New England Metal and Hardcore Festival 2014",2014-04-17 00:00:00.000,"The Worcester Palladium","Worcester, Massachusetts, United States",842
"Iced Earth / Sabaton / Revamp",2014-04-18 00:00:00.000,"Palladium Times Square","New York, New York, United States",841
"New England Metal & Hardcore Festival",2014-04-19 00:00:00.000,"The Worcester Palladium","Worcester, Massachusetts, United States",840
"Iced Earth / Sabaton / Revamp",2014-04-21 00:00:00.000,"Empire","West Springfield, Virginia, United States",839
"Iron Maiden / Bullet for My Valentine / Sabaton / Ghost / Amorphis",2013-07-20 00:00:00.000,"Helsingin Olympiastadion (Helsinki Olympic Stadium)","Helsinki, Uusimaa, Finland",838
"Zwarte Cross 2013",2013-07-27 00:00:00.000,"De Schans","Lichtenvoorde, Gelderland, Netherlands",836
"Wacken Open Air 2013",2013-08-04 00:00:00.000,"Wacken Open Air","Wacken, Schleswig-Holstein, Germany",834
"Wacken Open Air 2013",2013-08-01 00:00:00.000,"Wacken Open Air","Wacken, Schleswig-Holstein, Germany",834
"Wacken Open Air 2013",2013-08-01 00:00:00.000,"Wacken Open Air","Wacken, Schleswig-Holstein, Germany",833
"Wacken Open Air 2013",2013-08-04 00:00:00.000,"Wacken Open Air","Wacken, Schleswig-Holstein, Germany",833
"Wacken Open Air 2013",2013-08-03 00:00:00.000,"Wacken Open Air","Wacken, Schleswig-Holstein, Germany",832
"Wacken Open Air 2013",2013-08-01 00:00:00.000,"Wacken Open Air","Wacken, Schleswig-Holstein, Germany",832
"Wacken Open Air",2013-08-03 00:00:00.000,"Wacken Open Air","Wacken, Schleswig-Holstein, Germany",831
"Wacken Open Air",2013-08-01 00:00:00.000,"Wacken Open Air","Wacken, Schleswig-Holstein, Germany",831
"Wacken Open Air 2013",2013-08-03 00:00:00.000,"Wacken Open Air","Wacken, Schleswig-Holstein, Germany",830
"Wacken Open Air 2013",2013-08-01 00:00:00.000,"Wacken Open Air","Wacken, Schleswig-Holstein, Germany",830
"Wacken Open Air 2013",2013-08-03 00:00:00.000,"Wacken Grounds","Wacken, Schleswig-Holstein, Germany",829
"Wacken Open Air 2013",2013-08-01 00:00:00.000,"Wacken Grounds","Wacken, Schleswig-Holstein, Germany",829
"Wacken Open Air Festival",2013-08-02 00:00:00.000,"RheinRiot","Wacken, Schleswig-Holstein, Germany",828
"Lokerse Feesten",2013-08-04 00:00:00.000,"Grote Kaai","Lokeren, Flanders, Belgium",827
"Bloodstock-Open-Air 2013",2013-08-11 00:00:00.000,"Catton Park","Walton-on-Trent, England, United Kingdom",826
"Bloodstock-Open-Air 2013",2013-08-07 00:00:00.000,"Catton Park","Walton-on-Trent, England, United Kingdom",826
"Bloodstock-Open-Air 2013",2013-08-11 00:00:00.000,"Donington Park","Castle Donington, England, United Kingdom",825
"Bloodstock-Open-Air 2013",2013-08-07 00:00:00.000,"Donington Park","Castle Donington, England, United Kingdom",825
"Bloodstock Open Air Festival 2013",2013-08-08 00:00:00.000,"Catton Park","Walton-on-Trent, England, United Kingdom",824
"Bloodstock Open Air Festival 2013",2013-08-11 00:00:00.000,"Catton Park","Walton-on-Trent, England, United Kingdom",824
"Bloodstock 2013",2013-08-09 00:00:00.000,"Bloodstock Open Air","Catton Park, Walton on Trent, Derbyshire, UK",823
"Bloodstock 2013",2013-08-11 00:00:00.000,"Bloodstock Open Air","Catton Park, Walton on Trent, Derbyshire, UK",823
"Bloodstock Open Air Festival",2013-08-10 00:00:00.000,"Catton Park","Walton-on-Trent, England, United Kingdom",821
"Summer Breeze 2013",2013-08-17 00:00:00.000,"Flugplatz Dinkelsbühl Sinbronn","Dinkelsbühl, Bavaria, Germany",820
"Summer Breeze 2013",2013-08-14 00:00:00.000,"Flugplatz Dinkelsbühl Sinbronn","Dinkelsbühl, Bavaria, Germany",820
"Summer Breeze Open Air 2013 @ Flugplatz",2013-08-17 00:00:00.000,"Flugplatz","Dinkelsbuhl, Germany",819
"Summer Breeze Open Air 2013 @ Flugplatz",2013-08-15 00:00:00.000,"Flugplatz","Dinkelsbuhl, Germany",819
"Summer Breeze Festival",2013-08-15 00:00:00.000,"Airfield Aeroclub","Dinkelsbuhl, Germany",818
"Sabaton Open Air!",2013-08-17 00:00:00.000,"Lugnet","Falun, Dalarna, Sweden",817
"ProgPower USA",2013-09-07 00:00:00.000,"Center Stage Theater","Atlanta, Georgia, United States",816
"ProgPower USA",2013-09-06 00:00:00.000,"Center Stage Theater","Atlanta, Georgia, United States",816
"Sabaton / Armored Saint",2013-09-07 00:00:00.000,"Center Stage","Atlanta, Georgia, United States",814
"The Battle of San Bernardino",2013-09-13 00:00:00.000,"Glen Helen Amphitheater","San Bernardino, California, United States",813
"Metal Hammer Paradise",2013-11-16 00:00:00.000,"Ferienpark Weissenhauser Strand","Weissenhauser Strand, Germany",812
"Festival Siembra Y Lucha 2013",2013-12-08 00:00:00.000,"","",810
"Festival Siembra Y Lucha 2013",2013-12-06 00:00:00.000,"","",810
"Full Metal Cruise",2013-05-11 00:00:00.000,"Mein Schiff 1","Hamburg, Hamburg, Germany",809
"Full Metal Cruise",2013-05-12 00:00:00.000,"Mein Schiff 1","Hamburg, Hamburg, Germany",808
"Czyzynalia 2013",2013-05-18 00:00:00.000,"Czyzynalia 2013","Kraków, Lesser Poland, Poland",807
"Czyzynalia 2013",2013-05-17 00:00:00.000,"Czyzynalia 2013","Kraków, Lesser Poland, Poland",807
"Beastival",2013-06-01 00:00:00.000,"EventZentrum Strohofer, Scheinfelder Str. 15-23,","96160 Geiselwind, Germany",803
"Beastival",2013-05-30 00:00:00.000,"EventZentrum Strohofer, Scheinfelder Str. 15-23,","96160 Geiselwind, Germany",803
"Sonisphere 2013",2013-06-09 00:00:00.000,"Snowhall Parc","Amneville, France",801
"Sonisphere 2013",2013-06-08 00:00:00.000,"Snowhall Parc","Amneville, France",801
"Volbeat / Sabaton",2013-06-08 00:00:00.000,"Ratinanniemi","Tampere, Pirkanmaa, Finland",800
"Sonisphère 2013 - Day #1",2013-06-08 00:00:00.000,"Snowhall Parc","Amneville, France",799
"Nova Rock 2013",2013-06-16 00:00:00.000,"Panonia Fields","Nickelsdorf, Burgenland, Austria",797
"Nova Rock 2013",2013-06-13 00:00:00.000,"Panonia Fields","Nickelsdorf, Burgenland, Austria",797
"Copenhell 2013",2013-06-15 00:00:00.000,"Refshaleøen","Copenhagen, Capital Region, Denmark",796
"Copenhell 2013",2013-06-14 00:00:00.000,"Refshaleøen","Copenhagen, Capital Region, Denmark",796
"Iron Maiden / Sabaton",2013-06-29 00:00:00.000,"Open Air Arena","Singen-Aach, Germany",793
"Iron Maiden / Sabaton / Ghost / Voodoo Six",2013-06-29 00:00:00.000,"Open Air","Singen, Baden-Württemberg, Germany",792
"Iron Maiden / Sabaton / Ghost / Voodoo Six",2013-06-29 00:00:00.000,"Open Air","Konstanz, Germany",791
"Metaltown Festival",2013-07-04 00:00:00.000,"Galopp","Gothenburg, Västra Götaland, Sweden",790
"Iron Maiden / Voodoosix / Ghost / Sabaton",2013-07-06 00:00:00.000,"Freigelände an der König-Pilsener-Arena","Oberhausen, North Rhine-Westphalia, Germany",788
"Iron Maiden / Sabaton / Ghost / Voodoo X",2013-07-06 00:00:00.000,"Open Air an Der Köpi Arena","Oberhausen, North Rhine-Westphalia, Germany",787
"Sabaton / Voodoo Six / Iron Maiden",2013-07-10 00:00:00.000,"Malmö Stadion","Malmo, Skåne, Sweden",786
"Iron Maiden / Voodoo Six / Sabaton",2013-07-13 00:00:00.000,"Friends Arena","Solna, Stockholm, Sweden",785
"Iron Maiden / Sabaton",2013-07-16 00:00:00.000,"Ice Hall Palace","St. Petersburg, Russian Federation",783
"Iron Maiden / Sabaton",2013-07-18 00:00:00.000,"Olimpiyskiy Stadium","Moscow, Russian Federation",782
"Sabaton / Eluveite / Wisdom",2013-03-15 00:00:00.000,"Principal Club Theater (Μύλος)","Θεσσαλονίκη, Ελλάδα",779
"Sabaton / Eluveitie / Wisdom",2013-03-16 00:00:00.000,"Fuzz Live Music Club","Athens, Attica, Greece",778
"Sabaton / Eluveitie / Wisdom",2013-03-18 00:00:00.000,"Universiada Hall","Sofia, Sofia-Capital, Bulgaria",777
"Sabaton / Lucifer (LTU)",2013-03-25 00:00:00.000,"New York Club","Vilnius, Vilnius, Lithuania",772
"Eluveitie / Sabaton",2013-03-26 00:00:00.000,"Mielena Piektdina","Riga, Riga, Latvia",770
"Full Metal Cruise",2013-05-05 00:00:00.000,"Mein Schiff 1","Hamburg, Hamburg, Germany",764
"Full Metal Cruise",2013-05-06 00:00:00.000,"Mein Schiff 1","Hamburg, Hamburg, Germany",763
"Full Metal Cruise",2013-05-07 00:00:00.000,"Mein Schiff 1","Hamburg, Hamburg, Germany",762
"Full Metal Cruise",2013-05-08 00:00:00.000,"Mein Schiff 1","Hamburg, Hamburg, Germany",761
"Full Metal Cruise",2013-05-09 00:00:00.000,"Mein Schiff 1","Hamburg, Hamburg, Germany",760
"Full Metal Cruise",2013-05-10 00:00:00.000,"Mein Schiff 1","Hamburg, Hamburg, Germany",759
"Sabaton / Mordor",2013-02-08 00:00:00.000,"Yost Theater","Santa Ana, California, United States",756
"Nashville Pussy / Sabaton / Hatchet",2013-02-09 00:00:00.000,"Thee Parkside","San Francisco, California, United States",755
"Sabaton / Last Bastion / Beyond Theory",2013-02-12 00:00:00.000,"El Corazon","Seattle, Washington, United States",752
"Sabaton / Eluveitie / Wisdom",2013-03-03 00:00:00.000,"Hala Wisla","Kraków, Lesser Poland, Poland",745
"Sabaton / Eluveitie",2013-03-11 00:00:00.000,"Rockhouse","Salzburg, Salzburg, Austria",739
"Nightwish / Sabaton",2013-01-11 00:00:00.000,"Enmore Theatre","Sydney, New South Wales, Australia",729
"Sabaton / Black Majesty / Eyefear",2013-01-13 00:00:00.000,"Corner Hotel","Melbourne, Victoria, Australia",727
"Nightwish / Sabaton",2013-01-14 00:00:00.000,"Palace Theatre","Melbourne, Victoria, Australia",726
"70000Tons Of Metal",2013-01-28 00:00:00.000,"Royal Caribbean Cruise Line - Majesty Of The Seas","Miami, Florida, United States",724
"70000Tons Of Metal",2013-01-29 00:00:00.000,"Royal Caribbean Cruise Line - Majesty Of The Seas","Miami, Florida, United States",723
"70000Tons Of Metal",2013-01-30 00:00:00.000,"Royal Caribbean Cruise Line - Majesty Of The Seas","Miami, Florida, United States",722
"70000Tons Of Metal",2013-01-31 00:00:00.000,"Royal Caribbean Cruise Line - Majesty Of The Seas","Miami, Florida, United States",721
"70000Tons Of Metal",2013-02-01 00:00:00.000,"Royal Caribbean Cruise Line - Majesty Of The Seas","Miami, Florida, United States",720
"Sabaton / Eluveitie",2012-11-04 00:00:00.000,"The Garage","Glasgow, Scotland, United Kingdom",716
"Sabaton / Eluveitie",2012-11-06 00:00:00.000,"The Button Factory","Dublin, Leinster, Ireland",715
"Sabaton / Eluveitie / Wisdom",2012-11-10 00:00:00.000,"Great Hall, Cardiff University Students' Union","Cardiff, Wales, United Kingdom",712
"Sabaton / Eluvietie / Wisdom",2012-11-11 00:00:00.000,"Sheffield Corporation","Sheffield, England, United Kingdom",710
"Sabaton / Eluveitie / Bloodbound / Wisdom",2012-11-16 00:00:00.000,"Scandinavium","Gothenburg, Västra Götaland, Sweden",707
"Sabaton / Eluveitie",2012-10-03 00:00:00.000,"Razzmatazz 2","Barcelona, Catalonia, Spain",695
"Sabaton / Eluveitie / Wisdom",2012-10-04 00:00:00.000,"Sala Totem Aretoa","Villava, Spain",694
"Eluveitie / Sabaton",2012-10-05 00:00:00.000,"Sala Arena","Madrid, Madrid, Spain",693
"Sabaton / Eluveitie / Wisdom",2012-10-09 00:00:00.000,"L'Étage, Le Liberté","Rennes, Brittany, France",691
"Sabaton / Eluveitie / Wisdom / Belleruche / Secretive",2012-10-10 00:00:00.000,"La Laiterie","Strasbourg, Grand Est, France",690
"Sabaton / Eluveitie",2012-10-13 00:00:00.000,"Grosse Freiheit 36","Hamburg, Hamburg, Germany",688
"Eluveitie / Sabaton",2012-10-15 00:00:00.000,"Ancienne Belgique","Brussels, Brussels Capital, Belgium",686
"Sabaton / Eluveitie",2012-10-16 00:00:00.000,"Essigfabrik","Cologne, North Rhine-Westphalia, Germany",685
"Sabaton / Eluveitie",2012-10-18 00:00:00.000,"Amager Bio","Copenhagen, Capital Region, Denmark",684
"Sabaton / Eluveitie",2012-10-20 00:00:00.000,"Rockefeller","Oslo, Oslo, Norway",682
"Sabaton / Eluveitie",2012-10-21 00:00:00.000,"Fryshuset Arenan","Stockholm, Stockholm, Sweden",681
"Sabaton / Eluveitie / Wisdom",2012-11-01 00:00:00.000,"The Waterfront","Norwich, England, United Kingdom",678
"Sabaton / Eluveitie",2012-11-02 00:00:00.000,"Wulfrun Hall","Wolverhampton, England, United Kingdom",677
"Sabaton / Eluveitie / Wisdom",2012-11-03 00:00:00.000,"O2 Ritz Manchester","Manchester, England, United Kingdom",676
"Sabaton / Eluveitie",2012-09-07 00:00:00.000,"Capitol Hannover","Hanover, Lower Saxony, Germany",674
"Sabaton / Eluveitie / Wisdom",2012-09-09 00:00:00.000,"Poppodium 013","Tilburg, North Brabant, Netherlands",673
"Sabaton / Eluveitie",2012-09-10 00:00:00.000,"Hyde Park","Osnabrück, Lower Saxony, Germany",672
"Eluveitie / Sabaton",2012-09-12 00:00:00.000,"Rockhal","Esch-sur-Alzette, Esch-sur-Alzette, Luxembourg",671
"Sabaton / Eluveitie",2012-09-13 00:00:00.000,"Garage","Saarbrücken, Saarland, Germany",670
"Eluveitie / Sabaton",2012-09-14 00:00:00.000,"Metal Hammer Awards","Berlin, Berlin, Germany",669
"Sabaton / Eluveitie",2012-09-15 00:00:00.000,"Messe Giessen","Giessen, Germany",668
"Sabaton / Eluveitie",2012-09-17 00:00:00.000,"Rocking Chair","Vevey, Vaud, Switzerland",667
"Sabaton / Wisdom",2012-09-18 00:00:00.000,"Z7 Konzertfabrik","Pratteln, Basel-Landschaft, Switzerland",666
"Sabaton / Eluveitie / Wisdom",2012-09-19 00:00:00.000,"Alcatraz","Milan, Lombardy, Italy",665
"Sabaton / Eluveitie",2012-09-21 00:00:00.000,"MusicHall Strohofer Geiselwind","Geiselwind, Germany",664
"Serum 114 / BRDigung / Eluveitie / Sabaton",2012-09-22 00:00:00.000,"Backstage (Werk)","Munich, Bavaria, Germany",663
"Eluveitie / Sabaton",2012-09-23 00:00:00.000,"Club Vaudeville","Lindau, Germany",662
"Eluveitie / Sabaton",2012-09-27 00:00:00.000,"Komma","Worgl, Austria",660
"Sabaton / Eluveitie / Wisdom",2012-09-28 00:00:00.000,"Hellraiser","Leipzig, Saxony, Germany",659
"Sabaton / Eluveitie / Wisdom",2012-09-29 00:00:00.000,"De Mast","Torhout, Flanders, Belgium",658
"Sabaton / Eluveitie / Wisdom",2012-09-30 00:00:00.000,"Alhambra Théâtre Music-Hall","Paris, Île-de-France, France",657
"Eluveitie / Sabaton",2012-10-02 00:00:00.000,"Centre Culturel Oecumenique (CCO)","Villeurbanne, France",656
"Sweden Rock Festival 2012",2012-06-09 00:00:00.000,"Sweden Rock Festival Grounds","Norje, Blekinge, Sweden",655
"Sweden Rock Festival 2012",2012-06-06 00:00:00.000,"Sweden Rock Festival Grounds","Norje, Blekinge, Sweden",655
"Sweden Rock Festival 2012",2012-06-09 00:00:00.000,"Norje Havsbad","Sölvesborg, Blekinge, Sweden",654
"Sweden Rock Festival 2012",2012-06-06 00:00:00.000,"Norje Havsbad","Sölvesborg, Blekinge, Sweden",654
"Sabaton / Death Destruction",2012-06-15 00:00:00.000,"Metaltown Festival","Gothenburg, Västra Götaland, Sweden",651
"Tuska Open Air Metal Festival",2012-06-30 00:00:00.000,"Suvilahti","Helsinki, Uusimaa, Finland",645
"Masters Of Rock Festival",2012-07-15 00:00:00.000,"Masters Of Rock Festival Grounds","Vizovice, Zlín, Czechia",642
"Devil Side Festival",2012-07-21 00:00:00.000,"Turbinenhalle Oberhausen","Oberhausen, North Rhine-Westphalia, Germany",641
"Woodstock Festival Poland 2012",2012-08-04 00:00:00.000,"Unknown venue","Gorzów Wielkopolski, Lubusz, Poland",640
"Woodstock Festival Poland 2012",2012-08-02 00:00:00.000,"Unknown venue","Gorzów Wielkopolski, Lubusz, Poland",640
"Przystanek Woodstock 2012",2012-08-04 00:00:00.000,"Pol'and'Rock Festival","Kostrzyn nad Odrą, Lubusz, Poland",639
"Przystanek Woodstock 2012",2012-08-02 00:00:00.000,"Pol'and'Rock Festival","Kostrzyn nad Odrą, Lubusz, Poland",639
"Elektryczne Gitary / The Darkness / My Riot / Sabaton / Dubioza Kolektiv",2012-08-04 00:00:00.000,"Kostrzyn nad Odrą","Kostrzyn nad Odrą, Lubusz, Poland",637
"Metalcamp Festival 2012",2012-08-10 00:00:00.000,"","Tolmin, Tolmin, Slovenia",636
"Metalcamp Festival 2012",2012-08-05 00:00:00.000,"","Tolmin, Tolmin, Slovenia",636
"Rock im Betonwerk Festival 2012",2012-08-11 00:00:00.000,"Rock Im Betonwerk","Chemnitz, Saxony, Germany",635
"Rock im Betonwerk Festival 2012",2012-08-09 00:00:00.000,"Rock Im Betonwerk","Chemnitz, Saxony, Germany",635
"Sabaton / Pain",2012-08-10 00:00:00.000,"Metal Camp","Tolmin, Tolmin, Slovenia",633
"Sabaton / Epica",2012-08-18 00:00:00.000,"Rockstad","Falun, Dalarna, Sweden",630
"Sabaton / A Sound of Thunder",2012-05-15 00:00:00.000,"Station 4","Saint Paul, Minnesota, United States",617
"Relicseed / Sabaton",2012-05-23 00:00:00.000,"The Key Club","Los Angeles, California, United States",611
"Sabaton / Hell",2011-12-16 00:00:00.000,"KOKO","London, England, United Kingdom",608
"Sabaton / Black Majesty / Eyefear",2012-01-13 00:00:00.000,"Corner Hotel","Melbourne, Victoria, Australia",606
"3 Doors Down / Seether / Sabaton",2012-02-18 00:00:00.000,"Münchenbryggeriet","Stockholm, Stockholm, Sweden",605
"Sabaton / Eluveitie",2012-03-23 00:00:00.000,"Majestic Music Club","Bratislava, Bratislava, Slovak Republic",604
"Morbid Angel / Sabaton",2012-04-13 00:00:00.000,"Trees","Dallas, Texas, United States",601
"The Basement Reunion 4 / Burn Halo / Sabaton / Messer / Hazeland / Murder Fm",2012-04-14 00:00:00.000,"Trees","Dallas, Texas, United States",599
"Evergrey / Sabaton / Powerglove / Blackguard / The Absence / Diamond Plate",2011-09-26 00:00:00.000,"reggies rock club","Chicago, Illinois, United States",587
"Evergrey / Sabaton / Powerglove / Blackguard / The Absence",2011-09-27 00:00:00.000,"Station 4","Saint Paul, Minnesota, United States",586
"Evergrey / Sabaton / Powerglove / Blackguard / The Absence",2011-09-28 00:00:00.000,"Osbourne Village","Winnipeg, Manitoba, Canada",585
"Evergrey / Sabaton / Powerglove / Blackguard / The Absence",2011-09-29 00:00:00.000,"The Exchange","Regina, Saskatchewan, Canada",584
"Evergrey / Sabaton / Powerglove / Blackguard / The Absence",2011-09-30 00:00:00.000,"The Starlite Room","Edmonton, Alberta, Canada",583
"Evergrey / Sabaton / Powerglove / Blackguard / The Absence",2011-10-02 00:00:00.000,"El Corazon","Seattle, Washington, United States",582
"Evergrey / Sabaton / Powerglove / Blackguard / The Absence",2011-10-03 00:00:00.000,"Venue Nightclub","Vancouver, British Columbia, Canada",581
"Evergrey / Sabaton / Powerglove / Blackguard / The Absence",2011-10-05 00:00:00.000,"The Regency Ballroom","San Francisco, California, United States",579
"Evergrey / Sabaton / Powerglove / Blackguard / The Absence",2011-10-06 00:00:00.000,"Key Club","West Hollywood, California, United States",578
"Evergrey / Sabaton / Powerglove / Blackguard / The Absence",2011-10-07 00:00:00.000,"The Clubhouse Music Venue","Tempe, Arizona, United States",577
"Evergrey / Sabaton / Powerglove / Blackguard / The Absence",2011-10-08 00:00:00.000,"The Complex","Salt Lake City, Utah, United States",576
"Evergrey / Sabaton / Powerglove / Blackguard / The Absence",2011-10-09 00:00:00.000,"Bluebird Theater","Denver, Colorado, United States",575
"Evergrey / Sabaton / Powerglove / Blackguard / The Absence",2011-10-11 00:00:00.000,"Numbers","Houston, Texas, United States",574
"Evergrey / Sabaton / Powerglove / Blackguard / The Absence",2011-10-12 00:00:00.000,"Trees","Dallas, Texas, United States",573
"Sabaton / legion / Blackguard",2011-10-13 00:00:00.000,"Emo's Austin","Austin, Texas, United States",572
"""Sabaton Cruise"" / Sabaton / Persuader / Bloodbound / Grailknights",2011-12-01 00:00:00.000,"Silja Cruise Lines - Galaxy","Stockholm, Stockholm, Sweden",568
"Sabaton / Primal Fear / Skull Fist / Gdansk",2011-09-01 00:00:00.000,"Centrum Stocznia Gdańska","Gdańsk, Pomerania, Poland",566
"Sabaton / Primal Fear / Skull Fist / Wrocław",2011-09-02 00:00:00.000,"Zajezdnia MPK","Wroclaw, Lower Silesia, Poland",565
"Sabaton / Primal Fear / Skull Fist",2011-09-03 00:00:00.000,"Park Sowińskiego","Warsaw, Mazovia, Poland",564
"Evergrey / Sabaton / Powerglove / Absence",2011-09-20 00:00:00.000,"Gramercy Theatre","New York, New York, United States",552
"Evergrey / Sabaton / Powerglove / The Absence",2011-09-20 00:00:00.000,"Gramercy Theatre","New York, New York, United States",551
"Evergrey / Sabaton / Powerglove / The Absence",2011-09-21 00:00:00.000,"Les Foufounes Electriques","Montreal, Quebec, Canada",550
"Evergrey / Sabaton / Powerglove / The Absence",2011-09-22 00:00:00.000,"The Opera House","Toronto, Ontario, Canada",549
"Evergrey / Sabaton / Powerglove / The Absence",2011-09-23 00:00:00.000,"Peabody's DownUnder","Cleveland, Ohio, United States",548
"Evergrey / Sabaton / Powerglove / The Absence",2011-09-24 00:00:00.000,"Blondies","Detroit, Michigan, United States",547
"Scorpions / Sabaton",2011-05-22 00:00:00.000,"Arena Omsk","Omsk, Russian Federation",546
"Scorpions / Sabaton",2011-05-24 00:00:00.000,"Tatneft Arena","Kazan, Russian Federation",545
"Metalfest 2011",2011-05-26 00:00:00.000,"Z7 Konzertfabrik","Basel, Basel-City, Switzerland",544
"Metalfest 2011",2011-05-28 00:00:00.000,"Z7 Konzertfabrik","Basel, Basel-City, Switzerland",544
"Scorpions / Sabaton",2011-05-26 00:00:00.000,"Olimpiyskiy Stadium","Moscow, Russian Federation",543
"Sabaton / Watain / Belphegor / Amorphis",2011-05-28 00:00:00.000,"Metalfest Open Air","Pratteln, Basel-Landschaft, Switzerland",541
"Sabaton / Watain / Amorphis",2011-05-29 00:00:00.000,"Metalfest","Dessau, Germany",540
"Sabaton Open Air!",2011-06-03 00:00:00.000,"Lugnet","Falun, Dalarna, Sweden",539
"Sabaton / While Heaven Wept",2011-06-04 00:00:00.000,"Metalfest","Budapest, Budapest, Hungary",538
"Rock In Concert",2011-06-17 00:00:00.000,"Waldstadion","Lichtenfels, Germany",536
"Rock In Concert",2011-06-18 00:00:00.000,"Waldstadion","Lichtenfels, Germany",536
"Rock In Concert",2011-06-18 00:00:00.000,"Waldstadion","Lichtenfels, Germany",535
"Iced Earth / Kreator / Sabaton",2011-06-25 00:00:00.000,"Rock Am Hartsfeldsee","Dischingen, Germany",534
"Iron Maiden / Sabaton",2011-07-01 00:00:00.000,"Ullevi","Gothenburg, Västra Götaland, Sweden",533
"Ruisrock 2011",2011-07-10 00:00:00.000,"","Turku, Finland",531
"Ruisrock 2011",2011-07-08 00:00:00.000,"","Turku, Finland",531
"Ruisrock 2011",2011-07-11 00:00:00.000,"Ruissalon Kansanpuisto","Turku, Finland",530
"Ruisrock 2011",2011-07-09 00:00:00.000,"Ruissalon Kansanpuisto","Turku, Finland",530
"""Summers End Festival"" / Kreator / Arch Enemy / Sabaton / Amorphis / Adam Bomb",2011-08-27 00:00:00.000,"Summers End Festival Grounds","Andernach",524
"Accept / Sabaton / Sword Of Judgement",2011-04-26 00:00:00.000,"El Corazon","Seattle, Washington, United States",523
"Accept / Sabaton / Garden Of Eden",2011-04-27 00:00:00.000,"Roseland Theater","Portland, Oregon, United States",522
"Accept / Sabaton",2011-04-28 00:00:00.000,"The Regency Ballroom","San Francisco, California, United States",521
"Accept / Sabaton",2011-04-30 00:00:00.000,"House of Blues San Diego","San Diego, California, United States",520
"Accept / Sabaton",2011-05-01 00:00:00.000,"The Observatory","Santa Ana, California, United States",519
"Accept / Sabaton",2011-05-02 00:00:00.000,"Ventura Theater","Ventura, California, United States",518
"Accept / Sabaton",2011-05-03 00:00:00.000,"The Clubhouse Music Venue","Tempe, Arizona, United States",517
"Accept / Sabaton",2011-05-04 00:00:00.000,"Club Vegas","Salt Lake City, Utah, United States",516
"Accept / Sabaton",2011-05-06 00:00:00.000,"Scout Bar","Houston, Texas, United States",515
"Accept / Sabaton",2011-05-07 00:00:00.000,"Scout Bar","Houston, Texas, United States",514
"Accept / Sabaton / War Kabinett",2011-05-08 00:00:00.000,"Circo Volador","Mexico City, Mexico City, Mexico",513
"Accept / Sabaton",2011-05-10 00:00:00.000,"Teatro Mexico","La Paz, Bolivia",512
"Scorpions / Sabaton",2011-05-12 00:00:00.000,"Ледовый Дворец","St. Petersburg, Russian Federation",511
"Accept / Sabaton",2011-05-13 00:00:00.000,"Cadillac Club","Santiago, Santiago Metropolitan, Chile",510
"Accept / Sabaton",2011-05-14 00:00:00.000,"El Teatro Flores","Buenos Aires, Buenos Aires F.D., Argentina",509
"Scorpions / Sabaton",2011-05-14 00:00:00.000,"Olympus Sports Palace / Дворец спорта Олимп","Krasnodar, Russian Federation",508
"Scorpions / Sabaton",2011-05-15 00:00:00.000,"Sports Palace / дворец спорта","Rostov-na-Donu, Russian Federation",507
"Scorpions / Sabaton",2011-05-17 00:00:00.000,"Yarygin Arena","Krasnoyarsk, Russian Federation",506
"Scorpions / Sabaton",2011-05-19 00:00:00.000,"Ledovy Dvorets Sporta Sibir","Novosibirsk, Russian Federation",504
"Scorpions / Sabaton",2011-05-20 00:00:00.000,"Arena Metallurg","Magnitogorsk, Russian Federation",503
"Hammerfest 2011",2011-03-19 00:00:00.000,"Pontins Prestatyn Sands Holiday Park","Prestatyn, Wales, United Kingdom",498
"Hammerfest 2011",2011-03-17 00:00:00.000,"Pontins Prestatyn Sands Holiday Park","Prestatyn, Wales, United Kingdom",498
"Hammerfest 2011",2011-03-20 00:00:00.000,"Pontins Prestatyn Sands Holiday Park","Prestatyn, Wales, United Kingdom",497
"Hammerfest 2011",2011-03-18 00:00:00.000,"Pontins Prestatyn Sands Holiday Park","Prestatyn, Wales, United Kingdom",497
"""Hammerfest"" / Sabaton / Power Quest",2011-03-19 00:00:00.000,"Pontins","Prestatyn Sands, United Kingdom",495
"Accept / Sabaton",2011-04-09 00:00:00.000,"Venue 578","Orlando, Florida, United States",494
"Accept / Sabaton",2011-04-10 00:00:00.000,"Culture Room","Fort Lauderdale, Florida, United States",493
"Accept / Sabaton",2011-04-13 00:00:00.000,"Jaxx","West Springfield, Virginia, United States",492
"Accept / Sabaton",2011-04-14 00:00:00.000,"Trocadero Theatre","Philadelphia, Pennsylvania, United States",491
"Overkill / Accept / Sabaton / Cypher Seer",2011-04-16 00:00:00.000,"Palladium Times Square","New York, New York, United States",489
"Accept / Sabaton",2011-04-17 00:00:00.000,"Club Soda","Montreal, Quebec, Canada",488
"Accept / Sabaton",2011-04-18 00:00:00.000,"Imperial De Quebec","Québec, Quebec, Canada",487
"Accept / Sabaton",2011-04-20 00:00:00.000,"The Axis Club","Toronto, Ontario, Canada",486
"Accept / Sabaton",2011-04-21 00:00:00.000,"Blondies","Detroit, Michigan, United States",485
"Accept / Sabaton",2011-04-22 00:00:00.000,"Bottom Lounge","Chicago, Illinois, United States",484
"Sabaton / Accept",2011-04-23 00:00:00.000,"Mesa Riverview","Mesa, Arizona, United States",483
"Sabaton / Raubtier / Steelwing",2010-12-03 00:00:00.000,"Tavastia - Klubi","Helsinki, Uusimaa, Finland",481
"Sabaton / Raubtier / Steelwing",2010-12-04 00:00:00.000,"Klubi","Turku, Finland",480
"Sabaton / Raubtier / Steelwing",2010-12-05 00:00:00.000,"Dino's","Mariehamn, Finland",479
"Sabaton / Raubtier / Steelwing",2010-12-08 00:00:00.000,"Blaest","Trondheim, Trøndelag, Norway",478
"Sabaton / Raubtier / Steelwing",2010-12-09 00:00:00.000,"Gamla Theater","Ostersund, Sweden",477
"Sabaton / Raubtier / Steelwing",2010-12-11 00:00:00.000,"Idunteatern","Umea, Sweden",475
"Sabaton / Triptykon",2011-02-18 00:00:00.000,"Finnish Metal Expo","Helsinki, Uusimaa, Finland",470
"Sabaton / Nightmare",2011-03-11 00:00:00.000,"Salle de Kao, Ninkasi","Lyon, Auvergne-Rhône-Alpes, France",461
"Alestorm / Sabaton / Steelwing",2010-11-07 00:00:00.000,"Kulturni Centrum Vltavska","Prague, Hlavní město Praha, Czechia",460
"Alestorm / Sabaton / Steelwing",2010-11-08 00:00:00.000,"Studio","Kraków, Lesser Poland, Poland",459
"Alestorm / Sabaton / Steelwing",2010-11-10 00:00:00.000,"MEGA CLUB","Katowice, Silesia, Poland",458
"Alestorm / Sabaton / Steelwing",2010-11-11 00:00:00.000,"Dekompresja","Lodz, Łódź Voivodeship, Poland",457
"Alestorm / Sabaton / Steelwing",2010-11-12 00:00:00.000,"Pod Palma","Rzeszow, Poland",456
"Alestorm / Sabaton / Steelwing",2010-11-13 00:00:00.000,"Majestic Music Club","Bratislava, Bratislava, Slovak Republic",455
"Alestorm / Sabaton / Steelwing",2010-11-14 00:00:00.000,"Wig Wam","Budapest, Budapest, Hungary",454
"Sabaton / Alestorm / Steelwing",2010-11-16 00:00:00.000,"Hristo Botev Hall","Sofia, Sofia-Capital, Bulgaria",453
"Alestorm / Sabaton / Steelwing",2010-11-17 00:00:00.000,"Silver Church","Bucharest, Bucureşti, Romania",452
"Trooper / Sabaton",2010-11-18 00:00:00.000,"The Silver Church Club","Bucharest, Bucureşti, Romania",451
"Alestorm / Sabaton / Steelwing",2010-11-19 00:00:00.000,"SKC Club","Vrnjacka Banja, Serbia",450
"Alestorm / Sabaton / Steelwing",2010-11-20 00:00:00.000,"Mochvara","Zagreb, City of Zagreb, Croatia",449
"Alestorm / Sabaton / Steelwing",2010-11-21 00:00:00.000,"Explosiv","Graz, Styria, Austria",448
"Alestorm / Sabaton / Steelwing",2010-11-22 00:00:00.000,"Komma","Worgl, Austria",447
"Alestorm / Sabaton / Steelwing",2010-11-23 00:00:00.000,"The Columbia Theater","Berlin, Berlin, Germany",446
"Sabaton / Alestorm",2010-11-24 00:00:00.000,"C-Club","Berlin, Berlin, Germany",445
"Alestorm / Sabaton / Steelwing",2010-11-25 00:00:00.000,"Lisebergshallen","Gothenburg, Västra Götaland, Sweden",444
"Alestorm / Sabaton / Steelwing",2010-11-26 00:00:00.000,"Club Ron","Ronneby, Sweden",443
"Alestorm / Sabaton / Steelwing",2010-11-27 00:00:00.000,"Fryshuset Arenan","Stockholm, Stockholm, Sweden",442
"Sabaton / Alestorm / Thaurorod",2010-10-11 00:00:00.000,"Manchester Academy 2","Manchester, England, United Kingdom",440
"Sabaton / Alestorm",2010-10-12 00:00:00.000,"The Garage","Glasgow, Scotland, United Kingdom",439
"Alestorm / Sabaton / Steelwing",2010-10-14 00:00:00.000,"Electric Ballroom Camden","London, England, United Kingdom",438
"Alestorm / Sabaton / Steelwing",2010-10-15 00:00:00.000,"Wulfrun Hall","Wolverhampton, England, United Kingdom",437
"Alestorm / Sabaton / Steelwing / Thrauorod",2010-10-16 00:00:00.000,"Corporation","Sheffield, England, United Kingdom",436
"Alestorm / Sabaton / Steelwing",2010-10-17 00:00:00.000,"Concorde 2","Brighton, England, United Kingdom",435
"Alestorm / Sabaton / Steelwing",2010-10-19 00:00:00.000,"Muziekcentrum Trix","Antwerp, Flanders, Belgium",434
"Alestorm / Sabaton / Steelwing",2010-10-20 00:00:00.000,"Batschkapp","Frankfurt am Main, Hesse, Germany",433
"Alestorm / Sabaton / Steelwing",2010-10-21 00:00:00.000,"Doornroosje","Nijmegen, Gelderland, Netherlands",432
"Alestorm / Sabaton / Steelwing",2010-10-22 00:00:00.000,"FZW","Dortmund, North Rhine-Westphalia, Germany",431
"Sabaton / Thaurorod / Alestorm",2010-10-23 00:00:00.000,"Hof Ter Lo","Antwerp, Flanders, Belgium",430
"Alestorm / Sabaton / Steelwing",2010-10-28 00:00:00.000,"Folkets Park","Huskvarna, Sweden",429
"Alestorm / Sabaton / Steelwing",2010-10-29 00:00:00.000,"Mejeriet","Lund, Skåne, Sweden",428
"Alestorm / Sabaton / Steelwing",2010-10-30 00:00:00.000,"Louis De Geer","Norrkoping, Sweden",427
"Alestorm / Sabaton / Steelwing",2010-11-01 00:00:00.000,"Rock Cafe","Tallinn, Estonia",426
"Alestorm / Sabaton / Steelwing",2010-11-02 00:00:00.000,"Melna Piektiena","Riga, Riga, Latvia",425
"Alestorm / Sabaton / Steelwing",2010-11-03 00:00:00.000,"Reactor","Minsk, Minsk City, Belarus",424
"Alestorm / Sabaton / Steelwing",2010-11-05 00:00:00.000,"Szene Wien","Vienna, Vienna, Austria",422
"Alestorm / Sabaton / Steelwing",2010-11-06 00:00:00.000,"Masters Of Rock Cafe","Zlín, Czech Republic",421
"Leprous / Loch Vostok / Sabaton / Therion / Loch Vostock",2010-11-06 00:00:00.000,"Szene Wien","Vienna, Vienna, Austria",420
"Sabaton / Sonic Syndicate",2010-09-15 00:00:00.000,"Folken","Stavanger, Rogaland, Norway",417
"Sabaton / Sonic Syndicate",2010-09-16 00:00:00.000,"Garage","Bergen, Vestland, Norway",416
"Sabaton / Sonic Syndicate",2010-09-17 00:00:00.000,"ByScenen","Haugesund, Norway",415
"Sabaton / Sonic Syndicate",2010-09-18 00:00:00.000,"Rockefeller","Oslo, Oslo, Norway",414
"Sabaton / Alestorm",2010-09-24 00:00:00.000,"Nöjesfabriken","Karlstad, Värmland, Sweden",413
"Sabaton / Alestorm",2010-09-25 00:00:00.000,"Amager Bio","Copenhagen, Capital Region, Denmark",412
"Sabaton / Alestorm",2010-09-26 00:00:00.000,"Markthalle","Hamburg, Hamburg, Germany",411
"Alestorm / Sabaton / Thaurorod",2010-09-27 00:00:00.000,"De Kade","Zaandam, North Holland, Netherlands",410
"Sabaton / Alestorm",2010-09-29 00:00:00.000,"Musikzentrum Hannover","Hanover, Lower Saxony, Germany",409
"Alestorm / Sabaton",2010-09-30 00:00:00.000,"Hellraiser","Leipzig, Saxony, Germany",408
"Johnossi / Sabaton / Alestorm / Moto Boy / Carl Norén",2010-10-02 00:00:00.000,"Backstage (Werk)","Munich, Bavaria, Germany",405
"Sabaton / Alestorm",2010-10-03 00:00:00.000,"Rockfabrik","Ludwigsburg, Baden-Württemberg, Germany",404
"Sabaton / Alestorm",2010-10-05 00:00:00.000,"Underground","Cologne, North Rhine-Westphalia, Germany",403
"Sabaton / Alestorm",2010-10-06 00:00:00.000,"Garage","Saarbrücken, Saarland, Germany",402
"Sabaton / Alestorm",2010-10-08 00:00:00.000,"Z7 Konzertfabrik","Pratteln, Basel-Landschaft, Switzerland",400
"Sabaton / Alestorm / Thaurorod",2010-10-09 00:00:00.000,"Nouveau Casino","Paris, Île-de-France, France",399
"Sweden Rock Festival 2010",2010-06-12 00:00:00.000,"Sweden Rock Festival Grounds","Sölvesborg, Blekinge, Sweden",394
"Sweden Rock Festival 2010",2010-06-09 00:00:00.000,"Sweden Rock Festival Grounds","Sölvesborg, Blekinge, Sweden",394
"Sweden Rock Festival 2010",2010-06-12 00:00:00.000,"Sweden Rock Festival Grounds","Norje, Blekinge, Sweden",393
"Sweden Rock Festival 2010",2010-06-09 00:00:00.000,"Sweden Rock Festival Grounds","Norje, Blekinge, Sweden",393
"Sweden Rock Festival",2010-06-10 00:00:00.000,"Sweden Rock Festival Grounds","Solvesborg, Sweden",392
"Metaltown Festival 2010",2010-06-19 00:00:00.000,"Metaltown Festival 2010","Gothenburg, Västra Götaland, Sweden",391
"Metaltown Festival 2010",2010-06-18 00:00:00.000,"Metaltown Festival 2010","Gothenburg, Västra Götaland, Sweden",391
"Hellfest 2010",2010-06-20 00:00:00.000,"Val de Moine Sport Complex","Clisson, Pays de la Loire, France",390
"Hellfest 2010",2010-06-18 00:00:00.000,"Val de Moine Sport Complex","Clisson, Pays de la Loire, France",390
"Gods Of Metal",2010-06-27 00:00:00.000,"Parco della Certosa Reale","Turin, Piedmont, Italy",383
"Norway Rock Festival 2010",2010-07-11 00:00:00.000,"Øyesletta, Kvinesdal","Kvinesdal, Norway",381
"Norway Rock Festival 2010",2010-07-07 00:00:00.000,"Øyesletta, Kvinesdal","Kvinesdal, Norway",381
"Norway Rock Festival 2010",2010-07-11 00:00:00.000,"Norway Rock Festival","Kvinesdal, Norway",380
"Norway Rock Festival 2010",2010-07-07 00:00:00.000,"Norway Rock Festival","Kvinesdal, Norway",380
"Metalcamp Festival",2010-07-09 00:00:00.000,"Metalcamp Festival Grounds","Tolmin, Tolmin, Slovenia",379
"Bang Your Head 2010",2010-07-16 00:00:00.000,"Messegelande","Balingen, Germany",375
"Bang Your Head 2010",2010-07-17 00:00:00.000,"Messegelande","Balingen, Germany",375
"Sonisphere 2010",2010-07-30 00:00:00.000,"","Knebworth, England, United Kingdom",373
"Sonisphere 2010",2010-08-01 00:00:00.000,"","Knebworth, England, United Kingdom",373
"Sonisphere 2010",2010-07-30 00:00:00.000,"","Knebworth, England, United Kingdom",372
"Sonisphere 2010",2010-08-01 00:00:00.000,"","Knebworth, England, United Kingdom",372
"Sonisphere 2010",2010-08-01 00:00:00.000,"Unknown venue","Milton Keynes, England, United Kingdom",371
"Sonisphere 2010",2010-07-30 00:00:00.000,"Unknown venue","Milton Keynes, England, United Kingdom",371
"Sonisphere 2010",2010-08-01 00:00:00.000,"Sonisphere 2010","Knebworth, England, United Kingdom",370
"Sonisphere 2010",2010-07-30 00:00:00.000,"Sonisphere 2010","Knebworth, England, United Kingdom",370
"Sonisphere Festival 2010",2010-08-01 00:00:00.000,"Knebworth Park","Knebworth, England, United Kingdom",369
"Sonisphere Festival 2010",2010-07-30 00:00:00.000,"Knebworth Park","Knebworth, England, United Kingdom",369
"Sonisphere Festival 2010",2010-08-01 00:00:00.000,"Knebworth House","Knebworth, England, United Kingdom",368
"Sonisphere Festival 2010",2010-07-30 00:00:00.000,"Knebworth House","Knebworth, England, United Kingdom",368
"Sonisphere Festival 2010 Saturday",2010-07-31 00:00:00.000,"Sonisphere Festival","Knebworth, England, United Kingdom",367
"Sabaton / RUST",2010-08-28 00:00:00.000,"Tepee Rock Club","Limassol, Cyprus",365
"Dragonforce / Sabaton",2009-12-10 00:00:00.000,"The Engine Shed","Lincoln, United Kingdom",364
"Dragonforce / Sabaton",2009-12-11 00:00:00.000,"Manchester Academy","Manchester, England, United Kingdom",363
"Dragonforce / Sabaton",2009-12-12 00:00:00.000,"O2 Academy Liverpool","Liverpool, England, United Kingdom",362
"Sabaton / Malefice / Panic Cell / My Toy Box",2009-12-13 00:00:00.000,"The Garage","London, England, United Kingdom",361
"Hammerfest 2010",2010-03-13 00:00:00.000,"Pontins Prestatyn Sands Holiday Park","Liverpool, England, United Kingdom",358
"Hammerfest 2010",2010-03-12 00:00:00.000,"Pontins Prestatyn Sands Holiday Park","Liverpool, England, United Kingdom",358
"Rock Hard Festival",2010-05-21 00:00:00.000,"Amphitheater Gelsenkirchen","Gelsenkirchen, North Rhine-Westphalia, Germany",348
"Sabaton / Hammerfall / Dope Stars Inc.",2010-05-22 00:00:00.000,"Metalfest","Budapest, Budapest, Hungary",347
"Sabaton Open Air!",2010-05-29 00:00:00.000,"Lugnet","Falun, Dalarna, Sweden",345
"ProgPower USA X",2009-09-11 00:00:00.000,"Center Stage Theater","Atlanta, Georgia, United States",344
"ProgPower USA X",2009-09-12 00:00:00.000,"Center Stage Theater","Atlanta, Georgia, United States",344
"Rage / Sabaton",2009-10-17 00:00:00.000,"Hristo Botev Hall","Sofia, Sofia-Capital, Bulgaria",340
"Dragonforce / Sabaton",2009-11-19 00:00:00.000,"Leas Cliff Hall","Folkestone, England, United Kingdom",339
"Dragonforce / Sabaton",2009-11-20 00:00:00.000,"The Hexagon","Reading, England, United Kingdom",338
"Dragonforce / Sabaton",2009-11-21 00:00:00.000,"Cliffs Pavilion","Southend-on-Sea, England, United Kingdom",337
"Dragonforce / Sabaton",2009-11-23 00:00:00.000,"O2 Guildhall Southampton","Southampton, England, United Kingdom",336
"Dragonforce / Sabaton",2009-11-24 00:00:00.000,"Hall For Cornwall","Truro, United Kingdom",335
"Dragonforce / Sabaton",2009-11-25 00:00:00.000,"Bristol University","Bristol, England, United Kingdom",334
"Dragonforce / Sabaton",2009-11-26 00:00:00.000,"Wulfrun Hall","Wolverhampton, England, United Kingdom",333
"Dragonforce / Sabaton",2009-11-28 00:00:00.000,"53 Degrees","Preston, England, United Kingdom",332
"Dragonforce / Sabaton",2009-11-29 00:00:00.000,"St. George's Concert Hall","Bradford, England, United Kingdom",331
"Dragonforce / Sabaton / Glamour Of The Kill / Sylosis",2009-11-29 00:00:00.000,"St Georges Hall, Bradford","Bradford, England, United Kingdom",330
"Dragonforce / Sabaton",2009-11-30 00:00:00.000,"O2 Academy Sheffield","Sheffield, England, United Kingdom",329
"Dragonforce / Sabaton / Sylosis / Glamour Of The Kill",2009-12-01 00:00:00.000,"Victoria Hall","Stoke-on-Trent, England, United Kingdom",328
"Dragonforce / Sabaton",2009-12-03 00:00:00.000,"Barrowland Ballroom","Glasgow, Scotland, United Kingdom",327
"Dragonforce / Sabaton",2009-12-04 00:00:00.000,"Ironworks","Inverness, United Kingdom",326
"Dragonforce / Sabaton",2009-12-05 00:00:00.000,"Fat Sams Nightclub","Dundee, Scotland, United Kingdom",325
"Dragonforce / Sabaton",2009-12-07 00:00:00.000,"The Empire","Middlesbrough, England, United Kingdom",324
"Dragonforce / Sabaton",2009-12-08 00:00:00.000,"Cambridge Corn Exchange","Cambridge, England, United Kingdom",323
"Metal Dayz",2009-05-23 00:00:00.000,"Z7","Pratteln, Basel-Landschaft, Switzerland",321
"Exit Festival 2009",2009-07-12 00:00:00.000,"Petrovaradin Fortress","Novi Sad, Vojvodina, Serbia",316
"Exit Festival 2009",2009-07-09 00:00:00.000,"Petrovaradin Fortress","Novi Sad, Vojvodina, Serbia",316
"Sabaton / Wolf / HEAT",2009-08-01 00:00:00.000,"Folkets Park","Hunnebostrand, Sweden",313
"Summer Breeze",2009-08-15 00:00:00.000,"Flugplatz","Dinkelsbühl, Bavaria, Germany",312
"Summer Breeze",2009-08-13 00:00:00.000,"Flugplatz","Dinkelsbühl, Bavaria, Germany",312
"Summer Breeze Open Air 2009",2009-08-13 00:00:00.000,"Flugplatz des Aeroclubs Dinkelsbühl","91550 Dinkelsbühl, Germany",311
"Summer Breeze Open Air 2009",2009-08-15 00:00:00.000,"Flugplatz des Aeroclubs Dinkelsbühl","91550 Dinkelsbühl, Germany",311
"Bloodstock Open Air 2009",2009-08-16 00:00:00.000,"Catton Hall","Walton-on-Trent, England, United Kingdom",310
"Bloodstock Open Air 2009",2009-08-14 00:00:00.000,"Catton Hall","Walton-on-Trent, England, United Kingdom",310
"Bloodstock Festival 2009",2009-08-16 00:00:00.000,"Catton Hall Park","Catton Park, Walton on Trent, Derbyshire, UK",309
"Bloodstock Festival 2009",2009-08-14 00:00:00.000,"Catton Hall Park","Catton Park, Walton on Trent, Derbyshire, UK",309
"Bloodstock 2009",2009-08-14 00:00:00.000,"Catton Hall","Derby, England, United Kingdom",308
"Bloodstock Open Air Festival",2009-08-16 00:00:00.000,"Catton Park","Walton-on-Trent, England, United Kingdom",307
"Rock Area Festival 2009",2009-08-22 00:00:00.000,"Rock Area Festival 2009","Loreley, Germany",306
"Rock Area Festival 2009",2009-08-20 00:00:00.000,"Rock Area Festival 2009","Loreley, Germany",306
"Stratovarius / Sabaton",2009-08-31 00:00:00.000,"Bemowo Airport","Warsaw, Mazovia, Poland",304
"Stratovarius / Sabaton",2009-09-01 00:00:00.000,"Astoria Hall","Bydgoszcz, Kujawsko-Pomorskie, Poland",303
"Sabaton / Snake Eyes / Top Secret / Forteca / Vena Valley / Qklok",2009-09-04 00:00:00.000,"Ośrodek Sportowy Siemion","Siemianowice Slaskie, Poland",301
"Hammerfall / Sabaton / Bullet",2009-03-28 00:00:00.000,"Rockefeller","Oslo, Oslo, Norway",296
"Hammerfall / Sabaton / Bloodbound",2009-04-10 00:00:00.000,"Universiada Hall","Sofia, Sofia-Capital, Bulgaria",289
"Hammerfall / Hesus Attor / Sabaton / Bloodbound / Consecration",2009-04-11 00:00:00.000,"Studentski Kulturni Centar","Belgrade, Central Serbia, Serbia",288
"Hammerfall / Sabaton / Bloodbound",2009-04-12 00:00:00.000,"Petőfi Csarnok","Budapest, Budapest, Hungary",287
"Hammerfall / Sabaton / Bloodbound",2009-04-15 00:00:00.000,"Folimanka","Prague, Hlavní město Praha, Czechia",285
"Hammerfall / Sabaton / Bloodbound",2009-04-17 00:00:00.000,"Park Kultúry a Oddychu (PKO)","Bratislava, Bratislava, Slovak Republic",284
"Hammerfall / Sabaton / Wolf",2009-05-09 00:00:00.000,"CONVENTUM ARENA","Örebro, Örebro, Sweden",280
"Hammerfall / Sabaton / Bullet",2009-02-28 00:00:00.000,"Hof Ter Lo","Antwerp, Flanders, Belgium",278
"Sabaton / Hammerfall / Bullet",2009-03-01 00:00:00.000,"O2 Academy Islington","London, England, United Kingdom",277
"Hammerfall / Sabaton / Bullet",2009-03-06 00:00:00.000,"Sala Groove","Pinto, Madrid, Spain",274
"Hammerfall / Sabaton / Bullet",2009-03-10 00:00:00.000,"Rolling Stone","Milan, Lombardy, Italy",271
"Hammerfall / Sabaton / Bullet",2009-03-20 00:00:00.000,"Jako Arena","Bamberg, Bavaria, Germany",263
"Sabaton / Grailknights",2008-11-08 00:00:00.000,"Oesterhalle","Plettenberg, Germany",258
"Sabaton / Grailknights",2008-11-09 00:00:00.000,"Matrix","Bochum, North Rhine-Westphalia, Germany",257
"Sabaton / Proletaryat",2008-11-11 00:00:00.000,"Centrum Stocznia Gdańska","Gdańsk, Pomerania, Poland",256
"Sabaton / HEAT",2008-11-14 00:00:00.000,"B&B","Halmstad, Sweden",255
"Sabaton / HEAT",2008-11-15 00:00:00.000,"Club 700, Conventum","Örebro, Örebro, Sweden",254
"Sabaton / Asgard",2008-11-20 00:00:00.000,"GIII","Östersund, Sweden",253
"Sabaton / Asgard",2008-11-21 00:00:00.000,"Scharinska Villan","Umeå, Sweden",252
"Sabaton / Asgard",2008-11-22 00:00:00.000,"Pipeline","Sundsvall, Sweden",251
"Sabaton / Asgard",2008-11-23 00:00:00.000,"Musikhuset","Örnsköldsvik, Sweden",250
"Sabaton / Sonic Syndicate",2008-11-28 00:00:00.000,"Club Ron","Ronneby, Sweden",249
"Sabaton / Sonic Syndicate",2008-11-29 00:00:00.000,"Garden","Linköping, Östergötland, Sweden",248
"Sabaton / Thunderbolt / Fourever",2008-12-06 00:00:00.000,"Ritz","Arvika, Värmland, Sweden",246
"Sabaton / Marauder / Xpiral",2009-01-09 00:00:00.000,"Texas Necropolis Club / Sin City / 7 Sins","Athens, Attica, Greece",244
"Sabaton / Ajattara / Soulcage",2009-02-14 00:00:00.000,"Tavastia Klubi","Helsinki, Uusimaa, Finland",241
"Hammerfall / Sabaton / Bullet",2009-02-27 00:00:00.000,"Poppodium 013","Tilburg, North Brabant, Netherlands",239
"Sabaton / HEAT",2008-10-03 00:00:00.000,"Palace","Kalmar, Sweden",238
"Sabaton / HEAT",2008-10-04 00:00:00.000,"Fryshuset","Stockholm, Stockholm, Sweden",237
"Sabaton / Grailknights",2008-10-17 00:00:00.000,"Folkets Park","Huskvarna, Sweden",236
"Sabaton / Grailknights",2008-10-18 00:00:00.000,"Rock","Copenhagen, Capital Region, Denmark",235
"Sabaton / Grailknights",2008-10-19 00:00:00.000,"Ballroom","Hamburg, Hamburg, Germany",234
"Sabaton / Grailknights",2008-10-21 00:00:00.000,"Bastard Club - Old Location","Osnabrück, Lower Saxony, Germany",233
"Sabaton / Grailknights / Conquest / Privateer",2008-10-23 00:00:00.000,"Progresja","Warsaw, Mazovia, Poland",232
"Sabaton / Grailknights / Conquest",2008-10-24 00:00:00.000,"Klub Studio","Kraków, Lesser Poland, Poland",231
"Sabaton / Grailknights",2008-10-26 00:00:00.000,"KD Šeříkovká","Pilsen, Czech Republic",229
"Sabaton / Grailknights",2008-10-28 00:00:00.000,"Viper Room","Vienna, Vienna, Austria",228
"Sabaton / Grailknights",2008-10-29 00:00:00.000,"Rockfabrik","Ludwigsburg, Baden-Württemberg, Germany",227
"Sabaton / Grailknights",2008-10-30 00:00:00.000,"Rock City","Uster, Switzerland",226
"Sabaton / Grailknights",2008-10-31 00:00:00.000,"Die Halle","Frankfurt am Main, Hesse, Germany",225
"Sabaton / Grailknights",2008-11-01 00:00:00.000,"Hof Ter Lo","Antwerp, Flanders, Belgium",224
"Sabaton / Grailknights",2008-11-02 00:00:00.000,"Doornroosje","Nijmegen, Gelderland, Netherlands",223
"Sabaton / Concept of Time / Grailknights",2008-11-04 00:00:00.000,"Ivory Blacks","Glasgow, Scotland, United Kingdom",222
"Sabaton / Grailknights / INTENSE",2008-11-05 00:00:00.000,"Purple Turtle","London, England, United Kingdom",221
"Sabaton / Grailknights",2008-11-06 00:00:00.000,"Die Werkstatt","Cologne, North Rhine-Westphalia, Germany",220
"Sabaton / Grailknights",2008-11-07 00:00:00.000,"De Kade","Zaandam, North Holland, Netherlands",219
"Avantasia / Apocalyptica / Within Temptation / Def Leppard / Sonata Arctica / Ministry / Amon Amarth / Moonspell / Tristania / Oomph! / Sirenia / My Dying Bride / Korpiklaani / Annihilator / Haggard / Die Apokalyptischen Reiter / Volbeat / Brainst...",2008-07-10 00:00:00.000,"Jelinek Distillery Area / Areál Likérky Jelínek","Vizovice, Zlín, Czechia",214
"Sabaton / Def Leppard / Avantasia",2008-07-11 00:00:00.000,"Masters Of Rock","Vizovice, Zlín, Czechia",213
"Masters Of Rock Festival",2008-07-11 00:00:00.000,"R. Jelinek Distillery","Vizovice, Zlín, Czechia",212
"Sabaton / Sahara Hotnights",2008-07-12 00:00:00.000,"Tivolirock","Kristianstad, Sweden",211
"Wacken 2008",2008-08-02 00:00:00.000,"Wacken","Wacken, Schleswig-Holstein, Germany",208
"Wacken 2008",2008-07-30 00:00:00.000,"Wacken","Wacken, Schleswig-Holstein, Germany",208
"Wacken Open Air 2008",2008-08-02 00:00:00.000,"Wacken Open Air","Wacken, Schleswig-Holstein, Germany",207
"Wacken Open Air 2008",2008-07-31 00:00:00.000,"Wacken Open Air","Wacken, Schleswig-Holstein, Germany",207
"Wacken Open Air 2008",2008-07-31 00:00:00.000,"Wacken Open Air 2008","Wacken, Schleswig-Holstein, Germany",206
"Wacken Open Air 2008",2008-08-02 00:00:00.000,"Wacken Open Air 2008","Wacken, Schleswig-Holstein, Germany",206
"Wacken Open Air 2008",2008-08-02 00:00:00.000,"Wacken Open Air","Wacken, Schleswig-Holstein, Germany",205
"Wacken Open Air 2008",2008-07-31 00:00:00.000,"Wacken Open Air","Wacken, Schleswig-Holstein, Germany",205
"Sziget Festival 2008",2008-08-18 00:00:00.000,"Sziget Festival 2008","Budapest, Budapest, Hungary",201
"Sziget Festival 2008",2008-08-12 00:00:00.000,"Sziget Festival 2008","Budapest, Budapest, Hungary",201
"Sziget Festival 2008",2008-08-18 00:00:00.000,"Óbudai-sziget (Óbuda Island)","Budapest, Budapest, Hungary",200
"Sziget Festival 2008",2008-08-12 00:00:00.000,"Óbudai-sziget (Óbuda Island)","Budapest, Budapest, Hungary",200
"Sziget Festival",2008-08-14 00:00:00.000,"Óbudai-sziget (Óbuda Island)","Budapest, Budapest, Hungary",199
"Sabaton / Backyard Babies / Takida / Dia Psalma",2008-08-30 00:00:00.000,"Rejmyre Skola","Rejmyre, Sweden",197
"Sabaton / HEAT",2008-10-01 00:00:00.000,"Trädgårn","Gothenburg, Västra Götaland, Sweden",193
"H.E.A.T. / Sabaton",2008-10-02 00:00:00.000,"Kulturbolaget","Malmo, Sweden",192
"Sabaton / Helloween / Gamma Ray",2007-12-14 00:00:00.000,"Hala TJ Lokomotiva Plzeň","Pilsen, Czech Republic",186
"Helloween / Gamma Ray / Sabaton",2007-12-15 00:00:00.000,"Hala Novesta","Zlín, Czech Republic",185
"Sabaton / Helloween / Gamma Ray",2007-12-16 00:00:00.000,"ČEZ Arena","Pardubice, Czech Republic",184
"Enslaved / Fucked Up / Videohippos / Sabaton / 1349 / Avatar / Goat the Head / The Raveonettes / Jay Reatard / Howlin Rain / Dark Meat / Ponytail / O'Death / Ecstatic Sunshine / Mouser / Parts and Labor / YACHT / Meneguar / Clockcleaner / Fiasco /...",2008-03-14 00:00:00.000,"Ms. Bea's","Austin, Texas, United States",183
"Sabaton / Brainstorm",2008-03-22 00:00:00.000,"Avalon","Budapest, Budapest, Hungary",181
"Sweden Rock Festival 2008",2008-06-07 00:00:00.000,"Sweden Rock Festival Grounds","Norje, Blekinge, Sweden",177
"Sweden Rock Festival 2008",2008-06-04 00:00:00.000,"Sweden Rock Festival Grounds","Norje, Blekinge, Sweden",177
"Sweden Rock Festival 2008",2008-06-07 00:00:00.000,"Norje Havsbad","Sölvesborg, Blekinge, Sweden",176
"Sweden Rock Festival 2008",2008-06-04 00:00:00.000,"Norje Havsbad","Sölvesborg, Blekinge, Sweden",176
"Sabaton / Bloodbound",2008-06-21 00:00:00.000,"Helter Skelter Open Air","Peine, Germany",172
"Metaltown",2008-06-28 00:00:00.000,"Frihamnspiren","Gothenburg, Västra Götaland, Sweden",170
"Metaltown",2008-06-27 00:00:00.000,"Frihamnspiren","Gothenburg, Västra Götaland, Sweden",170
"Sabaton / Thunderbolt",2007-05-30 00:00:00.000,"Rockfabrik","Ludwigsburg, Baden-Württemberg, Germany",166
"Sabaton / Thunderbolt / Elvenpath",2007-05-31 00:00:00.000,"Die Halle","Frankfurt am Main, Hesse, Germany",165
"Sabaton / Thunderbolt / Non-devine",2007-06-02 00:00:00.000,"Staddjik","Nijmegen, Gelderland, Netherlands",164
"Sabaton / Thunderbolt / Custard",2007-06-03 00:00:00.000,"Parkhaus","Duisburg, North Rhine-Westphalia, Germany",163
"Korpiklaani / Heaven & Hell / Sabaton / Sonata Arctica",2007-06-07 00:00:00.000,"Sauna Open Air Festival Grounds","Tampere, Pirkanmaa, Finland",162
"Sabaton / Sonata Arctica",2007-06-09 00:00:00.000,"Sauna Open Air Festival Grounds","Tampere, Pirkanmaa, Finland",161
"Hultsfredsfestivalen 2007",2007-06-16 00:00:00.000,"Hultsfreds Hembygdspark","Hultsfred, Kalmar, Sweden",160
"Hultsfredsfestivalen 2007",2007-06-14 00:00:00.000,"Hultsfreds Hembygdspark","Hultsfred, Kalmar, Sweden",160
"Peace & Love Festival 2007",2007-06-30 00:00:00.000,"","Borlänge, Sweden",154
"Peace & Love Festival 2007",2007-06-26 00:00:00.000,"","Borlänge, Sweden",154
"Kvinesdal Rock Festival 2007",2007-07-14 00:00:00.000,"Øyesletta, Kvinesdal","Kvinesdal, Norway",149
"Kvinesdal Rock Festival 2007",2007-07-12 00:00:00.000,"Øyesletta, Kvinesdal","Kvinesdal, Norway",149
"Masters of Rock 2007",2007-07-12 00:00:00.000,"Jelinek Distillery Area / Areál Likérky Jelínek","Vizovice, Zlín, Czechia",148
"Axxis / Sabaton",2007-07-15 00:00:00.000,"Masters Of Rock","Vizovice, Zlín, Czechia",146
"Sabaton / of Montreal / Buck 65",2007-07-27 00:00:00.000,"Storsjöyran","Östersund, Sweden",143
"Therion / Grave Digger / Sabaton",2007-02-16 00:00:00.000,"Poppodium 013","Tilburg, North Brabant, Netherlands",141
"Sabaton / Therion / Grave Digger",2007-02-17 00:00:00.000,"De Oosterpoort","Groningen, Groningen, Netherlands",140
"Sabaton / Therion / Grave Digger",2007-02-18 00:00:00.000,"Markthalle","Hamburg, Hamburg, Germany",139
"Sabaton / Thunderbolt / Privateer",2007-05-06 00:00:00.000,"Loch Ness","Kraków, Lesser Poland, Poland",138
"Sabaton / Thunderbolt / Privateer / At The Lake",2007-05-07 00:00:00.000,"Progresja","Warsaw, Mazovia, Poland",137
"Sabaton / Thunderbolt",2007-05-11 00:00:00.000,"Sala Jam","Bergara, Basque Country, Spain",136
"Sabaton / Thunderbolt",2007-05-12 00:00:00.000,"Sala Live","Madrid, Madrid, Spain",135
"Sabaton / Thunderbolt",2007-05-13 00:00:00.000,"Razzmatazz 3","Barcelona, Catalonia, Spain",134
"Sabaton / Thunderbolt / Destruction",2007-05-14 00:00:00.000,"Havana Cafe","Toulouse, Occitanie, France",133
"Sabaton / Thunderbolt",2007-05-15 00:00:00.000,"BCS Café","Poitiers, France",132
"Sabaton / Thunderbolt",2007-05-16 00:00:00.000,"La Scène Bastille","Paris, Île-de-France, France",131
"Sabaton / Thunderbolt / Axis",2007-05-18 00:00:00.000,"TJ's","Newport, Wales, United Kingdom",130
"Sabaton / Thunderbolt / Damnation Angels",2007-05-20 00:00:00.000,"The Well","Leeds, England, United Kingdom",129
"Sabaton / Thunderbolt",2007-05-21 00:00:00.000,"Glasgow Barfly","Glasgow, Scotland, United Kingdom",128
"Sabaton / Thunderbolt / Kachana",2007-05-22 00:00:00.000,"Purple Turtle","London, England, United Kingdom",127
"Sabaton / Thunderbolt / Metal Law",2007-05-24 00:00:00.000,"Darkside","Berlin, Berlin, Germany",126
"Sabaton / Thunderbolt / Viron / Boomerang",2007-05-25 00:00:00.000,"Café Central","Weinheim, Baden-Württemberg, Germany",125
"Sabaton / Thunderbolt / Boomerang / Infinight",2007-05-26 00:00:00.000,"Schützenhaus Dudweiler","Saarbrücken, Saarland, Germany",124
"Sabaton / Thunderbolt / Emerald",2007-05-29 00:00:00.000,"Rock City","Uster, Switzerland",122
"Therion / Sabaton / Grave Digger",2007-01-25 00:00:00.000,"Sala Razzmatazz","Barcelona, Catalonia, Spain",121
"Sabaton / Therion / Grave Digger",2007-01-26 00:00:00.000,"Sala La Riviera","Madrid, Madrid, Spain",120
"Sabaton / Therion / Grave Digger",2007-01-27 00:00:00.000,"Santana 27","Bilbao, Basque Country, Spain",119
"Sabaton / Therion / Grave Digger",2007-01-28 00:00:00.000,"Salle des Fêtes","Ramonville St Agne, France",118
"Sabaton / Therion / Grave Digger",2007-01-31 00:00:00.000,"Cvetličarna VPK Mediapark","Ljubljana, Ljubljana, Slovenia",116
"Sabaton / Therion / Grave Digger",2007-02-01 00:00:00.000,"Boogaloo","Zagreb, City of Zagreb, Croatia",115
"Sabaton / Therion / Grave Digger",2007-02-02 00:00:00.000,"Rockhouse","Salzburg, Salzburg, Austria",114
"Sabaton / Therion / Grave Digger",2007-02-03 00:00:00.000,"Planet Music","Vienna, Vienna, Austria",113
"Sabaton / Therion / Grave Digger",2007-02-04 00:00:00.000,"Petőfi Csarnok","Budapest, Budapest, Hungary",112
"Therion / Grave Digger / Sabaton",2007-02-05 00:00:00.000,"Studentski Kulturni Centar","Belgrade, Central Serbia, Serbia",111
"Sabaton / Therion / Grave Digger",2007-02-07 00:00:00.000,"LKA Longhorn","Stuttgart, Baden-Württemberg, Germany",110
"Sabaton / Therion / Grave Digger",2007-02-08 00:00:00.000,"Stadthalle Langen","Langen, Germany",109
"Sabaton / Therion / Grave Digger",2007-02-09 00:00:00.000,"Z7 Konzertfabrik","Pratteln, Basel-Landschaft, Switzerland",108
"Sabaton / Therion / Grave Digger",2007-02-10 00:00:00.000,"Alte Spinnerei","Glauchau, Germany",107
"Sabaton / Therion / Grave Digger",2007-02-11 00:00:00.000,"Backstage (Werk)","Munich, Bavaria, Germany",106
"Sabaton / Therion / Grave Digger",2007-02-12 00:00:00.000,"Abaton","Prague, Hlavní město Praha, Czechia",105
"Sabaton / Therion / Grave Digger",2007-02-13 00:00:00.000,"Club 38","Kraków, Lesser Poland, Poland",104
"Sabaton / Therion / Grave Digger",2007-02-14 00:00:00.000,"Klub Stodoła","Warsaw, Mazovia, Poland",103
"Sabaton / Therion / Grave Digger",2007-02-15 00:00:00.000,"C-Club","Berlin, Berlin, Germany",102
"Sabaton / evil conspiracy",2006-10-07 00:00:00.000,"Satin","Örebro, Örebro, Sweden",101
"Sabaton / Morifade / Lord Belial / The Grand Trick / 12 Gauge Dead",2006-10-26 00:00:00.000,"Skylten","Linköping, Östergötland, Sweden",99
"Sabaton / Bullet",2006-11-02 00:00:00.000,"Tingshuset","Östersund, Sweden",97
"Sabaton / Bullet",2006-11-17 00:00:00.000,"Nöjesmagazinet","Kristianstad, Sweden",95
"Sabaton / Bullet",2006-12-01 00:00:00.000,"Fryshuset","Stockholm, Stockholm, Sweden",92
"Sabaton / The Haunted / Sister",2006-12-15 00:00:00.000,"Folkets Park","Huskvarna, Sweden",91
"Sabaton / Therion / Grave Digger",2007-01-17 00:00:00.000,"Weststadthalle","Essen, North Rhine-Westphalia, Germany",88
"Sabaton / Therion / Grave Digger",2007-01-18 00:00:00.000,"La Laiterie","Strasbourg, Grand Est, France",87
"Sabaton / Therion / Grave Digger",2007-01-19 00:00:00.000,"Stadthalle Lichtenfels","Lichtenfels, Germany",86
"Sabaton / Therion / Grave Digger",2007-01-20 00:00:00.000,"Hof Ter Lo","Antwerp, Flanders, Belgium",85
"Sabaton / Grave Digger / Therion",2007-01-21 00:00:00.000,"Astoria 2","London, England, United Kingdom",84
"Sabaton / Therion / Grave Digger",2007-01-23 00:00:00.000,"Élysée Montmartre","Paris, Île-de-France, France",83
"Sabaton / Therion / Grave Digger",2007-01-24 00:00:00.000,"Salle de Kao, Ninkasi","Lyon, Auvergne-Rhône-Alpes, France",82
"Sabaton / Custard",2006-08-16 00:00:00.000,"Ballroom","Hamburg, Hamburg, Germany",81
"Sabaton / Custard / Torian",2006-08-17 00:00:00.000,"Raz","Datteln, North Rhine-Westphalia, Germany",80
"Sabaton / Custard / McDeath",2006-08-18 00:00:00.000,"Sonic","Soest, Germany",79
"Sabaton / Custard / Dawn Of Destiny",2006-08-22 00:00:00.000,"Parkhaus","Duisburg, North Rhine-Westphalia, Germany",77
"Sabaton / Custard / Viron",2006-08-23 00:00:00.000,"Die Halle","Frankfurt am Main, Hesse, Germany",76
"Sabaton / Custard / SAIDIAN",2006-08-24 00:00:00.000,"Die Röhre","Stuttgart, Baden-Württemberg, Germany",75
"Sabaton / Custard / Deja Vu",2006-08-26 00:00:00.000,"Alte Brauerei","Annaberg, Germany",74
"Sabaton / Lordi",2006-09-16 00:00:00.000,"Liseberg","Gothenburg, Västra Götaland, Sweden",73
"Sabaton / Lordi",2006-09-19 00:00:00.000,"Lissebergshallen","Gothenburg, Västra Götaland, Sweden",72
"Lordi / Sabaton",2006-09-20 00:00:00.000,"Baltiska Hallen","Malmo, Skåne, Sweden",71
"Sabaton / Bullet",2006-09-21 00:00:00.000,"Platformtheater","Groningen, Groningen, Netherlands",70
"Sabaton / Bullet",2006-09-23 00:00:00.000,"Biebob","Vosselaar, Flanders, Belgium",68
"Sabaton / Bullet",2006-09-24 00:00:00.000,"Parkhaus","Duisburg, North Rhine-Westphalia, Germany",67
"Sabaton / Bullet",2006-09-26 00:00:00.000,"Die Halle","Frankfurt am Main, Hesse, Germany",66
"Sabaton / Bullet",2006-09-27 00:00:00.000,"Bastard Club - Old Location","Osnabrück, Lower Saxony, Germany",65
"Sabaton / Bullet",2006-09-28 00:00:00.000,"Treibsand","Lübeck, Germany",64
"Sabaton / Bullet",2006-09-29 00:00:00.000,"Björnes Magasin","Mariestad, Västra Götaland, Sweden",63
"Sabaton / Dragonforce / Edguy",2006-02-21 00:00:00.000,"Live Music Hall","Cologne, North Rhine-Westphalia, Germany",61
"Edguy / Dragonforce / Sabaton",2006-02-22 00:00:00.000,"Turbinenhalle Oberhausen","Oberhausen, North Rhine-Westphalia, Germany",60
"Sabaton / Dragonforce / Edguy",2006-02-24 00:00:00.000,"Stadthalle Lichtenfels","Lichtenfels, Germany",59
"Sabaton / Dragonforce / Edguy",2006-02-25 00:00:00.000,"Halle Gartlage","Osnabrück, Lower Saxony, Germany",58
"Sabaton / Edguy / Dragonforce",2006-02-26 00:00:00.000,"Markthalle","Hamburg, Hamburg, Germany",57
"Sabaton / Dragonforce / Edguy",2006-02-28 00:00:00.000,"Trädgårn","Gothenburg, Västra Götaland, Sweden",56
"Dragonforce / Sabaton / Edguy",2006-03-01 00:00:00.000,"Fryshuset","Stockholm, Stockholm, Sweden",55
"Sabaton / Dragonforce / Edguy",2006-03-02 00:00:00.000,"Mejeriet","Lund, Skåne, Sweden",54
"Sabaton / Dragonforce / Edguy",2006-03-04 00:00:00.000,"Wartenberg Oval Angersbach","Fulda, Germany",53
"Sabaton / Dragonforce",2006-03-05 00:00:00.000,"W2 Poppodium","'s-Hertogenbosch, North Brabant, Netherlands",52
"Sabaton / Dragonforce",2006-03-06 00:00:00.000,"Melkweg","Amsterdam, North Holland, Netherlands",51
"Sabaton / Dragonforce",2006-03-07 00:00:00.000,"Biebob","Vosselaar, Flanders, Belgium",50
"Sabaton / Nocturnal Rites",2005-11-26 00:00:00.000,"Arenan","Falun, Dalarna, Sweden",40
"Sabaton / Dragonforce / Edguy",2006-01-27 00:00:00.000,"Manchester Academy 2","Manchester, England, United Kingdom",38
"Dragonforce / Edguy / Sabaton",2006-01-30 00:00:00.000,"Leeds Metropolitan University, Student Union","Leeds, England, United Kingdom",36
"Dragonforce / Edguy / Sabaton",2006-01-31 00:00:00.000,"Carling Academy","Glasgow, Scotland, United Kingdom",35
"Sabaton / Dragonforce / Edguy",2006-02-01 00:00:00.000,"Newcastle University Students' Union","Newcastle upon Tyne, England, United Kingdom",34
"Dragonforce / Edguy / Sabaton",2006-02-03 00:00:00.000,"Astoria","London, England, United Kingdom",33
"Dragonforce / Edguy / Sabaton",2006-02-03 00:00:00.000,"London Astoria","London, England, United Kingdom",32
"Sabaton / Dragonforce / Edguy",2006-02-06 00:00:00.000,"Z7 Konzertfabrik","Pratteln, Basel-Landschaft, Switzerland",31
"Sabaton / Dragonforce / Edguy",2006-02-07 00:00:00.000,"Rolling Stone","Milan, Lombardy, Italy",30
"Sabaton / Dragonforce / Edguy",2006-02-09 00:00:00.000,"Aqualung","Madrid, Madrid, Spain",29
"Sabaton / Dragonforce / Edguy",2006-02-10 00:00:00.000,"Hard Club","Porto, Porto, Portugal",28
"Sabaton / Dragonforce / Edguy",2006-02-11 00:00:00.000,"Santana 27","Bilbao, Basque Country, Spain",27
"Sabaton / Dragonforce / Edguy",2006-02-12 00:00:00.000,"Sala Razzmatazz 2","Barcelona, Catalonia, Spain",26
"Sabaton / Dragonforce / Edguy",2006-02-14 00:00:00.000,"Le Transbordeur","Villeurbanne, France",25
"Sabaton / Dragonforce / Edguy",2006-02-15 00:00:00.000,"Élysée Montmartre","Paris, Île-de-France, France",24
"Sabaton / Dragonforce / Edguy",2006-02-17 00:00:00.000,"LKA Longhorn","Stuttgart, Baden-Württemberg, Germany",23
"Sabaton / Dragonforce / Edguy",2006-02-18 00:00:00.000,"All Karthalle","Kaufbeuren, Germany",22
"Sabaton / Dragonforce / Edguy",2006-02-20 00:00:00.000,"Stadthalle Langen","Langen, Germany",21
"Sabaton / Evergrey",2005-03-26 00:00:00.000,"Rockland","Sala, Västmanland, Sweden",11
"Sweden Rock Festival 2005",2005-06-11 00:00:00.000,"Sweden Rock Festival Grounds","Norje, Blekinge, Sweden",8
"Sweden Rock Festival 2005",2005-06-09 00:00:00.000,"Sweden Rock Festival Grounds","Norje, Blekinge, Sweden",8
"Sabaton / Mustasch / 220 Volt",2005-09-09 00:00:00.000,"Palace","Kalmar, Sweden",4
"Graspop Metal Meeting 2022",2022-06-15 00:00:00.000,"Festivalpark Stenehei","Dessel, Flanders, Belgium",1816
"Graspop Metal Meeting 2022",2022-06-19 00:00:00.000,"Festivalpark Stenehei","Dessel, Flanders, Belgium",1816
"Graspop metal meeting",2022-06-15 00:00:00.000,"Festivalpark Stenehei","Dessel, Flanders, Belgium",1815
"Graspop metal meeting",2022-06-19 00:00:00.000,"Festivalpark Stenehei","Dessel, Flanders, Belgium",1815
"Graspop Metal Meeting 2022",2022-06-19 00:00:00.000,"Graspop Metal Meeting","Dessel, Flanders, Belgium",1814
"Graspop Metal Meeting 2022",2022-06-16 00:00:00.000,"Graspop Metal Meeting","Dessel, Flanders, Belgium",1814
"Graspop metal meeting",2022-06-19 00:00:00.000,"Festivalpark Stenehei","Dessel, Flanders, Belgium",1813
"Graspop metal meeting",2022-06-16 00:00:00.000,"Festivalpark Stenehei","Dessel, Flanders, Belgium",1813
"Graspop 2022",2022-06-19 00:00:00.000,"","Dessel, Flanders, Belgium",1812
"Graspop 2022",2022-06-16 00:00:00.000,"","Dessel, Flanders, Belgium",1812
"Graspop Metal Meeting 2022",2022-06-19 00:00:00.000,"Graspop Metal Meeting","Dessel, Flanders, Belgium",1811
"Graspop Metal Meeting 2022",2022-06-16 00:00:00.000,"Graspop Metal Meeting","Dessel, Flanders, Belgium",1811
"Graspop Metal Meeting 2022",2022-06-19 00:00:00.000,"Festivalpark Stenehei","Dessel, Flanders, Belgium",1810
"Graspop Metal Meeting 2022",2022-06-16 00:00:00.000,"Festivalpark Stenehei","Dessel, Flanders, Belgium",1810
"Graspop Metal Meeting 2022",2022-06-19 00:00:00.000,"Festivalterrein Stenehei","Dessel, Flanders, Belgium",1809
"Graspop Metal Meeting 2022",2022-06-16 00:00:00.000,"Festivalterrein Stenehei","Dessel, Flanders, Belgium",1809
"Graspop 2022 Sunday",2022-06-19 00:00:00.000,"","Dessel, Flanders, Belgium",1806
"Graspop Metal Meeting (Day 4 of 4)",2022-06-19 00:00:00.000,"Boertang","Dessel, Flanders, Belgium",1805
"Graspop Metal Meeting 2022 Day 4 (Sunday)",2022-06-19 00:00:00.000,"Festivalpark Stenehei","Dessel, Flanders, Belgium",1804
"Graspop Metal Meeting 2019",2019-06-23 00:00:00.000,"Festivalpark Stenehei","Dessel, Flanders, Belgium",1546
"Graspop Metal Meeting 2019",2019-06-20 00:00:00.000,"Festivalpark Stenehei","Dessel, Flanders, Belgium",1546
"Graspop Metal Meeting 2019",2019-06-23 00:00:00.000,"Festivalpark Stenehei","Dessel, Flanders, Belgium",1545
"Graspop Metal Meeting 2019",2019-06-20 00:00:00.000,"Festivalpark Stenehei","Dessel, Flanders, Belgium",1545
"Graspop Metal Meeting 2019",2019-06-23 00:00:00.000,"Festivalpark Stenehei","Dessel, Flanders, Belgium",1544
"Graspop Metal Meeting 2019",2019-06-20 00:00:00.000,"Festivalpark Stenehei","Dessel, Flanders, Belgium",1544
"Graspop 2019",2019-06-23 00:00:00.000,"","Dessel, Flanders, Belgium",1543
"Graspop 2019",2019-06-20 00:00:00.000,"","Dessel, Flanders, Belgium",1543
"Graspop Metal Meeting 2019",2019-06-20 00:00:00.000,"Festivalpark Stenehei","Dessel, Flanders, Belgium",1542
"Graspop Metal Meeting 2019",2019-06-23 00:00:00.000,"Festivalpark Stenehei","Dessel, Flanders, Belgium",1542
"Graspop 2019",2019-06-23 00:00:00.000,"Festivalterrein Stenehei","Dessel, Flanders, Belgium",1541
"Graspop 2019",2019-06-20 00:00:00.000,"Festivalterrein Stenehei","Dessel, Flanders, Belgium",1541
"Graspop 2019",2019-06-23 00:00:00.000,"Graspop Metal Meeting 2019","Dessel, Flanders, Belgium",1537
"Graspop 2019",2019-06-21 00:00:00.000,"Graspop Metal Meeting 2019","Dessel, Flanders, Belgium",1537
"Graspop",2019-06-23 00:00:00.000,"Festivalpark Stenehei","Dessel, Flanders, Belgium",1536
"Graspop",2019-06-21 00:00:00.000,"Festivalpark Stenehei","Dessel, Flanders, Belgium",1536
"Graspop Metal Meeting 2019",2019-06-23 00:00:00.000,"Festivalpark Stenehei","Dessel, Flanders, Belgium",1535
"Graspop Metal Meeting 2019",2019-06-21 00:00:00.000,"Festivalpark Stenehei","Dessel, Flanders, Belgium",1535
"Graspop Metal Meeting 2019",2019-06-23 00:00:00.000,"Graspop Metal Meeting","Dessel, Flanders, Belgium",1534
"Graspop Metal Meeting 2019",2019-06-21 00:00:00.000,"Graspop Metal Meeting","Dessel, Flanders, Belgium",1534
"Graspop Metal Meeting 2019",2019-06-23 00:00:00.000,"Festivalpark Stenehei","Dessel, Flanders, Belgium",1533
"Graspop Metal Meeting 2019",2019-06-21 00:00:00.000,"Festivalpark Stenehei","Dessel, Flanders, Belgium",1533
"Graspop metal meeting",2019-06-21 00:00:00.000,"Graspop Metal Meeting","Dessel, Flanders, Belgium",1531
"Graspop Metal Meeting 2019",2019-06-23 00:00:00.000,"","Dessel, Flanders, Belgium",1530
"Terror / Sabaton / Fleshgod Apocalypse / Cradle of Filth / Possessed / Rob Zombie / Eluveitie / Carcass / In Flames",2019-06-23 00:00:00.000,"Graspop Metal Meeting","Dessel, Flanders, Belgium",1529
"Graspop 2019 Sunday",2019-06-23 00:00:00.000,"Graspop Metal Meeting","Dessel, Flanders, Belgium",1528
"Graspop metal meeting",2019-06-23 00:00:00.000,"Boeretang","Dessel, Flanders, Belgium",1527
"Graspop Metal Meeting 2019 Day 4 (Sunday)",2019-06-23 00:00:00.000,"Festivalpark Stenehei","Dessel, Flanders, Belgium",1526
"Graspop Metal Meeting 2017",2017-06-16 00:00:00.000,"Graspop Metal Meeting","Dessel, Flanders, Belgium",1439
"Graspop Metal Meeting 2017",2017-06-18 00:00:00.000,"Graspop Metal Meeting","Dessel, Flanders, Belgium",1439
"Graspop Metal Meeting 2017",2017-06-18 00:00:00.000,"Graspop Metal Meeting","Dessel, Flanders, Belgium",1438
"Graspop Metal Meeting 2017",2017-06-16 00:00:00.000,"Graspop Metal Meeting","Dessel, Flanders, Belgium",1438
"Graspop Metal Meeting 2017",2017-06-18 00:00:00.000,"Festivalpark Stenehei","Dessel, Flanders, Belgium",1437
"Graspop Metal Meeting 2017",2017-06-16 00:00:00.000,"Festivalpark Stenehei","Dessel, Flanders, Belgium",1437
"Graspop Metal Meeting 2017",2017-06-18 00:00:00.000,"Festivalpark Stenehei","Dessel, Flanders, Belgium",1436
"Graspop Metal Meeting 2017",2017-06-16 00:00:00.000,"Festivalpark Stenehei","Dessel, Flanders, Belgium",1436
"Graspop 2017",2017-06-18 00:00:00.000,"","Dessel, Flanders, Belgium",1431
"Graspop metal meeting",2017-06-18 00:00:00.000,"Boeretang","Dessel, Flanders, Belgium",1430
"Graspop 2017",2017-07-16 00:00:00.000,"Festivalpark Stenehei","Dessel, Flanders, Belgium",1416
"Graspop 2017",2017-07-18 00:00:00.000,"Festivalpark Stenehei","Dessel, Flanders, Belgium",1416
"Graspop Metal Meeting 2017",2017-06-15 00:00:00.000,"Festivalpark Stenehei","Dessel, Flanders, Belgium",1384
"Graspop Metal Meeting 2017",2017-06-18 00:00:00.000,"Festivalpark Stenehei","Dessel, Flanders, Belgium",1384
"Graspop Metal Meeting 2014",2014-06-29 00:00:00.000,"Festivalpark Stenehei","Dessel, Flanders, Belgium",898
"Graspop Metal Meeting 2014",2014-06-26 00:00:00.000,"Festivalpark Stenehei","Dessel, Flanders, Belgium",898
"Graspop metal meeting",2014-06-29 00:00:00.000,"Festivalpark Stenehei","Dessel, Flanders, Belgium",895
"Graspop metal meeting",2014-06-27 00:00:00.000,"Festivalpark Stenehei","Dessel, Flanders, Belgium",895
"Graspop 2014",2014-06-29 00:00:00.000,"Festivalpark Stenehei","Dessel, Flanders, Belgium",894
"Graspop 2014",2014-06-27 00:00:00.000,"Festivalpark Stenehei","Dessel, Flanders, Belgium",894
"Graspop Metal Meeting 2014",2014-06-29 00:00:00.000,"Graspop Metal Meeting 2014","Dessel, Flanders, Belgium",893
"Graspop Metal Meeting 2014",2014-06-27 00:00:00.000,"Graspop Metal Meeting 2014","Dessel, Flanders, Belgium",893
"Graspop Metal Meeting 2014",2014-06-29 00:00:00.000,"Festivalpark Stenehei","Dessel, Flanders, Belgium",892
"Graspop Metal Meeting 2014",2014-06-27 00:00:00.000,"Festivalpark Stenehei","Dessel, Flanders, Belgium",892
"Graspop metal meeting",2014-06-27 00:00:00.000,"Festivalpark Stenehei","Dessel, Flanders, Belgium",891
"Graspop Metal Meeting 2012",2012-06-24 00:00:00.000,"Graspop Metal Meeting","Dessel, Flanders, Belgium",649
"Graspop Metal Meeting 2012",2012-06-22 00:00:00.000,"Graspop Metal Meeting","Dessel, Flanders, Belgium",649
"Graspop Metal Meeting 2012",2012-06-22 00:00:00.000,"Unknown venue","Dessel, Flanders, Belgium",648
"Graspop Metal Meeting 2012",2012-06-24 00:00:00.000,"Unknown venue","Dessel, Flanders, Belgium",648
"Graspop metal meeting",2010-06-27 00:00:00.000,"","Dessel, Flanders, Belgium",387
"Graspop metal meeting",2010-06-25 00:00:00.000,"","Dessel, Flanders, Belgium",387
"Graspop Metal Meeting 2010",2010-06-25 00:00:00.000,"Graspop Metal Meeting 2010","Dessel, Flanders, Belgium",386
"Graspop Metal Meeting 2010",2010-06-27 00:00:00.000,"Graspop Metal Meeting 2010","Dessel, Flanders, Belgium",386
"Graspop Metal Meeting 2010",2010-06-27 00:00:00.000,"Graspop Metal Meeting","Dessel, Flanders, Belgium",385
"Graspop Metal Meeting 2010",2010-06-25 00:00:00.000,"Graspop Metal Meeting","Dessel, Flanders, Belgium",385
"Graspop metal meeting",2010-06-26 00:00:00.000,"Boeretang","Dessel, Flanders, Belgium",384
"Graspop Metal Meeting 2008",2008-06-28 00:00:00.000,"","Dessel, Flanders, Belgium",218
"Graspop Metal Meeting 2008",2008-06-28 00:00:00.000,"Graspop Metal Meeting 2008","Dessel, Flanders, Belgium",217
"Graspop Metal Meeting 2008",2008-06-28 00:00:00.000,"","Dessel, Flanders, Belgium",216
"Graspop Metal Meeting 2008",2008-06-28 00:00:00.000,"","Dessel, Flanders, Belgium",215
"Graspop Metal Meeting 2008",2008-06-29 00:00:00.000,"Graspop Metal Meeting","Dessel, Flanders, Belgium",169
"Graspop Metal Meeting 2008",2008-06-27 00:00:00.000,"Graspop Metal Meeting","Dessel, Flanders, Belgium",169
"Graspop Metal Meeting 2008",2008-06-29 00:00:00.000,"Graspop Metal Meeting","Dessel, Flanders, Belgium",168
"Graspop Metal Meeting 2008",2008-06-27 00:00:00.000,"Graspop Metal Meeting","Dessel, Flanders, Belgium",168
"Iron Maiden / KISS / Apocalyptica / In Flames / Judas Priest / Bullet for My Valentine / Avenged Sevenfold / Whitesnake / Def Leppard / Sonata Arctica / Arch Enemy / Iced Earth / Ministry / Soilwork / Testament / Moonspell / Yngwie Malmsteen / 36 ...",2008-06-27 00:00:00.000,"Boeretang","Dessel, Flanders, Belgium",167
"Graspop Metal Meeting 2007",2007-06-22 00:00:00.000,"Graspop Metal Meeting","Dessel, Flanders, Belgium",158
"Graspop Metal Meeting 2007",2007-06-24 00:00:00.000,"Graspop Metal Meeting","Dessel, Flanders, Belgium",158
"Graspop Metal Meeting 2007",2007-06-24 00:00:00.000,"Graspop Metal Meeting 2007","Dessel, Flanders, Belgium",157
"Graspop Metal Meeting 2007",2007-06-22 00:00:00.000,"Graspop Metal Meeting 2007","Dessel, Flanders, Belgium",157
"Graspop Metal Meeting 2007",2007-06-24 00:00:00.000,"Festivalterrein De Boeretang","Dessel, Flanders, Belgium",156
"Graspop Metal Meeting 2007",2007-06-22 00:00:00.000,"Festivalterrein De Boeretang","Dessel, Flanders, Belgium",156
